Timestamp,Ticker,Price,Z-Score,RVOL,Trend,Signal,Reason,Executed
2026-01-20 11:51:41,NVDA,186.22999572753906,-3.81,3.08,BEAR,HOLD,,NO
2026-01-20 11:51:41,AMD,231.8000030517578,-0.46,2.13,BEAR,HOLD,,NO
2026-01-20 11:52:42,NVDA,186.22999572753906,-3.81,3.08,BEAR,HOLD,,NO
2026-01-20 11:52:42,AMD,231.8000030517578,-0.46,2.13,BEAR,HOLD,,NO
2026-01-20 11:53:42,NVDA,186.22999572753906,-3.81,3.08,BEAR,HOLD,,NO
2026-01-20 11:53:42,AMD,231.8000030517578,-0.46,2.13,BEAR,HOLD,,NO
2026-01-20 11:54:43,NVDA,186.22999572753906,-3.81,3.08,BEAR,HOLD,,NO
2026-01-20 11:54:43,AMD,231.8000030517578,-0.46,2.13,BEAR,HOLD,,NO
2026-01-20 11:55:43,NVDA,186.22999572753906,-3.81,3.08,BEAR,HOLD,,NO
2026-01-20 11:55:44,AMD,231.8000030517578,-0.46,2.13,BEAR,HOLD,,NO
2026-01-20 11:56:44,NVDA,186.22999572753906,-3.81,3.08,BEAR,HOLD,,NO
2026-01-20 11:56:44,AMD,231.8000030517578,-0.46,2.13,BEAR,HOLD,,NO
2026-01-20 11:58:26,NVDA,186.22999572753906,-3.81,3.08,BEAR,HOLD,,NO
2026-01-20 11:58:26,AMD,231.8000030517578,-0.46,2.13,BEAR,HOLD,,NO
2026-01-20 11:59:27,NVDA,186.22999572753906,-3.81,3.08,BEAR,HOLD,,NO
2026-01-20 11:59:27,AMD,231.8000030517578,-0.46,2.13,BEAR,HOLD,,NO
2026-01-20 12:00:27,NVDA,186.22999572753906,-3.81,3.08,BEAR,HOLD,,NO
2026-01-20 12:00:27,AMD,231.8000030517578,-0.46,2.13,BEAR,HOLD,,NO
2026-01-20 12:01:28,NVDA,186.22999572753906,-3.81,3.08,BEAR,HOLD,,NO
2026-01-20 12:01:28,AMD,231.8000030517578,-0.46,2.13,BEAR,HOLD,,NO
2026-01-20 12:02:28,NVDA,186.22999572753906,-3.81,3.08,BEAR,HOLD,,NO
2026-01-20 12:02:29,AMD,231.8000030517578,-0.46,2.13,BEAR,HOLD,,NO
2026-01-20 12:03:29,NVDA,186.22999572753906,-3.81,3.08,BEAR,HOLD,,NO
2026-01-20 12:03:29,AMD,231.8000030517578,-0.46,2.13,BEAR,HOLD,,NO
2026-01-20 12:07:34,NVDA,186.22999572753906,-3.81,3.08,BEAR,HOLD,,NO
2026-01-20 12:07:35,AMD,231.8000030517578,-0.46,2.13,BEAR,HOLD,,NO
2026-01-20 12:08:35,NVDA,186.22999572753906,-3.81,3.08,BEAR,HOLD,,NO
2026-01-20 12:08:35,AMD,231.8000030517578,-0.46,2.13,BEAR,HOLD,,NO
2026-01-20 12:09:35,NVDA,186.22999572753906,-3.81,3.08,BEAR,HOLD,,NO
2026-01-20 12:09:36,AMD,231.8000030517578,-0.46,2.13,BEAR,HOLD,,NO
2026-01-20 12:10:36,NVDA,186.22999572753906,-3.81,3.08,BEAR,HOLD,,NO
2026-01-20 12:10:36,AMD,231.8000030517578,-0.46,2.13,BEAR,HOLD,,NO
2026-01-20 12:11:36,NVDA,186.22999572753906,-3.81,3.08,BEAR,HOLD,,NO
2026-01-20 12:11:37,AMD,231.8000030517578,-0.46,2.13,BEAR,HOLD,,NO
2026-01-20 12:12:37,NVDA,186.22999572753906,-3.81,3.08,BEAR,HOLD,,NO
2026-01-20 12:12:37,AMD,231.8000030517578,-0.46,2.13,BEAR,HOLD,,NO
2026-01-20 12:13:38,NVDA,186.22999572753906,-3.81,3.08,BEAR,HOLD,,NO
2026-01-20 12:13:38,AMD,231.8000030517578,-0.46,2.13,BEAR,HOLD,,NO
2026-01-20 12:14:38,NVDA,186.22999572753906,-3.81,3.08,BEAR,HOLD,,NO
2026-01-20 12:14:38,AMD,231.8000030517578,-0.46,2.13,BEAR,HOLD,,NO
2026-01-20 12:15:39,NVDA,186.22999572753906,-3.81,3.08,BEAR,HOLD,,NO
2026-01-20 12:15:39,AMD,231.8000030517578,-0.46,2.13,BEAR,HOLD,,NO
2026-01-20 12:16:39,NVDA,186.22999572753906,-3.81,3.08,BEAR,HOLD,,NO
2026-01-20 12:16:40,AMD,231.8000030517578,-0.46,2.13,BEAR,HOLD,,NO
2026-01-20 12:17:40,NVDA,186.22999572753906,-3.81,3.08,BEAR,HOLD,,NO
2026-01-20 12:17:40,AMD,231.8000030517578,-0.46,2.13,BEAR,HOLD,,NO
2026-01-20 12:18:41,NVDA,186.22999572753906,-3.81,3.08,BEAR,HOLD,,NO
2026-01-20 12:18:41,AMD,231.8000030517578,-0.46,2.13,BEAR,HOLD,,NO
2026-01-20 12:19:41,NVDA,186.22999572753906,-3.81,3.08,BEAR,HOLD,,NO
2026-01-20 12:19:41,AMD,231.8000030517578,-0.46,2.13,BEAR,HOLD,,NO
2026-01-20 12:20:42,NVDA,186.22999572753906,-3.81,3.08,BEAR,HOLD,,NO
2026-01-20 12:20:42,AMD,231.8000030517578,-0.46,2.13,BEAR,HOLD,,NO
2026-01-20 12:21:42,NVDA,186.22999572753906,-3.81,3.08,BEAR,HOLD,,NO
2026-01-20 12:21:42,AMD,231.8000030517578,-0.46,2.13,BEAR,HOLD,,NO
2026-01-20 12:22:43,NVDA,186.22999572753906,-3.81,3.08,BEAR,HOLD,,NO
2026-01-20 12:22:43,AMD,231.8000030517578,-0.46,2.13,BEAR,HOLD,,NO
2026-01-20 12:23:43,NVDA,186.22999572753906,-3.81,3.08,BEAR,HOLD,,NO
2026-01-20 12:23:44,AMD,231.8000030517578,-0.46,2.13,BEAR,HOLD,,NO
2026-01-20 12:24:44,NVDA,186.22999572753906,-3.81,3.08,BEAR,HOLD,,NO
2026-01-20 12:24:44,AMD,231.8000030517578,-0.46,2.13,BEAR,HOLD,,NO
2026-01-20 12:25:44,NVDA,186.22999572753906,-3.81,3.08,BEAR,HOLD,,NO
2026-01-20 12:25:45,AMD,231.8000030517578,-0.46,2.13,BEAR,HOLD,,NO
2026-01-20 12:26:45,NVDA,186.22999572753906,-3.81,3.08,BEAR,HOLD,,NO
2026-01-20 12:26:45,AMD,231.8000030517578,-0.46,2.13,BEAR,HOLD,,NO
2026-01-20 12:27:46,NVDA,186.22999572753906,-3.81,3.08,BEAR,HOLD,,NO
2026-01-20 12:27:46,AMD,231.8000030517578,-0.46,2.13,BEAR,HOLD,,NO
2026-01-20 12:28:46,NVDA,186.22999572753906,-3.81,3.08,BEAR,HOLD,,NO
2026-01-20 12:28:47,AMD,231.8000030517578,-0.46,2.13,BEAR,HOLD,,NO
2026-01-20 12:29:47,NVDA,186.22999572753906,-3.81,3.08,BEAR,HOLD,,NO
2026-01-20 12:29:47,AMD,231.8000030517578,-0.46,2.13,BEAR,HOLD,,NO
2026-01-20 12:30:47,NVDA,186.22999572753906,-3.81,3.08,BEAR,HOLD,,NO
2026-01-20 12:30:48,AMD,231.8000030517578,-0.46,2.13,BEAR,HOLD,,NO
2026-01-20 12:31:48,NVDA,186.22999572753906,-3.81,3.08,BEAR,HOLD,,NO
2026-01-20 12:31:48,AMD,231.8000030517578,-0.46,2.13,BEAR,HOLD,,NO
2026-01-20 12:32:49,NVDA,186.22999572753906,-3.81,3.08,BEAR,HOLD,,NO
2026-01-20 12:32:49,AMD,231.8000030517578,-0.46,2.13,BEAR,HOLD,,NO
2026-01-20 12:33:49,NVDA,186.22999572753906,-3.81,3.08,BEAR,HOLD,,NO
2026-01-20 12:33:49,AMD,231.8000030517578,-0.46,2.13,BEAR,HOLD,,NO
2026-01-20 12:34:50,NVDA,186.22999572753906,-3.81,3.08,BEAR,HOLD,,NO
2026-01-20 12:34:50,AMD,231.8000030517578,-0.46,2.13,BEAR,HOLD,,NO
2026-01-20 12:35:50,NVDA,186.22999572753906,-3.81,3.08,BEAR,HOLD,,NO
2026-01-20 12:35:51,AMD,231.8000030517578,-0.46,2.13,BEAR,HOLD,,NO
2026-01-20 12:36:51,NVDA,186.22999572753906,-3.81,3.08,BEAR,HOLD,,NO
2026-01-20 12:36:51,AMD,231.8000030517578,-0.46,2.13,BEAR,HOLD,,NO
2026-01-20 12:37:52,NVDA,186.22999572753906,-3.81,3.08,BEAR,HOLD,,NO
2026-01-20 12:37:52,AMD,231.8000030517578,-0.46,2.13,BEAR,HOLD,,NO
2026-01-20 12:38:52,NVDA,186.22999572753906,-3.81,3.08,BEAR,HOLD,,NO
2026-01-20 12:38:53,AMD,231.8000030517578,-0.46,2.13,BEAR,HOLD,,NO
2026-01-20 12:39:53,NVDA,186.22999572753906,-3.81,3.08,BEAR,HOLD,,NO
2026-01-20 12:39:53,AMD,231.8000030517578,-0.46,2.13,BEAR,HOLD,,NO
2026-01-20 12:40:53,NVDA,186.22999572753906,-3.81,3.08,BEAR,HOLD,,NO
2026-01-20 12:40:54,AMD,231.8000030517578,-0.46,2.13,BEAR,HOLD,,NO
2026-01-20 12:41:54,NVDA,186.22999572753906,-3.81,3.08,BEAR,HOLD,,NO
2026-01-20 12:41:54,AMD,231.8000030517578,-0.46,2.13,BEAR,HOLD,,NO
2026-01-20 12:42:55,NVDA,186.22999572753906,-3.81,3.08,BEAR,HOLD,,NO
2026-01-20 12:42:55,AMD,231.8000030517578,-0.46,2.13,BEAR,HOLD,,NO
2026-01-20 12:43:55,NVDA,186.22999572753906,-3.81,3.08,BEAR,HOLD,,NO
2026-01-20 12:43:56,AMD,231.8000030517578,-0.46,2.13,BEAR,HOLD,,NO
2026-01-20 12:44:56,NVDA,186.22999572753906,-3.81,3.08,BEAR,HOLD,,NO
2026-01-20 12:44:56,AMD,231.8000030517578,-0.46,2.13,BEAR,HOLD,,NO
2026-01-20 12:45:57,NVDA,186.22999572753906,-3.81,3.08,BEAR,HOLD,,NO
2026-01-20 12:45:57,AMD,231.8000030517578,-0.46,2.13,BEAR,HOLD,,NO
2026-01-20 12:46:57,NVDA,186.22999572753906,-3.81,3.08,BEAR,HOLD,,NO
2026-01-20 12:46:58,AMD,231.8000030517578,-0.46,2.13,BEAR,HOLD,,NO
2026-01-20 12:47:58,NVDA,186.22999572753906,-3.81,3.08,BEAR,HOLD,,NO
2026-01-20 12:47:58,AMD,231.8000030517578,-0.46,2.13,BEAR,HOLD,,NO
2026-01-20 12:48:58,NVDA,186.22999572753906,-3.81,3.08,BEAR,HOLD,,NO
2026-01-20 12:48:59,AMD,231.8000030517578,-0.46,2.13,BEAR,HOLD,,NO
2026-01-20 12:49:59,NVDA,186.22999572753906,-3.81,3.08,BEAR,HOLD,,NO
2026-01-20 12:49:59,AMD,231.8000030517578,-0.46,2.13,BEAR,HOLD,,NO
2026-01-20 12:50:59,NVDA,186.22999572753906,-3.81,3.08,BEAR,HOLD,,NO
2026-01-20 12:51:00,AMD,231.8000030517578,-0.46,2.13,BEAR,HOLD,,NO
2026-01-20 12:52:00,NVDA,186.22999572753906,-3.81,3.08,BEAR,HOLD,,NO
2026-01-20 12:52:00,AMD,231.8000030517578,-0.46,2.13,BEAR,HOLD,,NO
2026-01-20 12:53:01,NVDA,186.22999572753906,-3.81,3.08,BEAR,HOLD,,NO
2026-01-20 12:53:01,AMD,231.8000030517578,-0.46,2.13,BEAR,HOLD,,NO
2026-01-20 12:54:01,NVDA,186.22999572753906,-3.81,3.08,BEAR,HOLD,,NO
2026-01-20 12:54:01,AMD,231.8000030517578,-0.46,2.13,BEAR,HOLD,,NO
2026-01-20 12:55:02,NVDA,186.22999572753906,-3.81,3.08,BEAR,HOLD,,NO
2026-01-20 12:55:02,AMD,231.8000030517578,-0.46,2.13,BEAR,HOLD,,NO
2026-01-20 12:56:02,NVDA,186.22999572753906,-3.81,3.08,BEAR,HOLD,,NO
2026-01-20 12:56:02,AMD,231.8000030517578,-0.46,2.13,BEAR,HOLD,,NO
2026-01-20 12:57:03,NVDA,186.22999572753906,-3.81,3.08,BEAR,HOLD,,NO
2026-01-20 12:57:03,AMD,231.8000030517578,-0.46,2.13,BEAR,HOLD,,NO
2026-01-20 12:58:03,NVDA,186.22999572753906,-3.81,3.08,BEAR,HOLD,,NO
2026-01-20 12:58:04,AMD,231.8000030517578,-0.46,2.13,BEAR,HOLD,,NO
2026-01-20 12:59:04,NVDA,186.22999572753906,-3.81,3.08,BEAR,HOLD,,NO
2026-01-20 12:59:04,AMD,231.8000030517578,-0.46,2.13,BEAR,HOLD,,NO
2026-01-20 13:00:05,NVDA,186.22999572753906,-3.81,3.08,BEAR,HOLD,,NO
2026-01-20 13:00:05,AMD,231.8000030517578,-0.46,2.13,BEAR,HOLD,,NO
2026-01-20 13:01:05,NVDA,186.22999572753906,-3.81,3.08,BEAR,HOLD,,NO
2026-01-20 13:01:05,AMD,231.8000030517578,-0.46,2.13,BEAR,HOLD,,NO
2026-01-20 13:02:06,NVDA,186.22999572753906,-3.81,3.08,BEAR,HOLD,,NO
2026-01-20 13:02:06,AMD,231.8000030517578,-0.46,2.13,BEAR,HOLD,,NO
2026-01-20 13:03:06,NVDA,186.22999572753906,-3.81,3.08,BEAR,HOLD,,NO
2026-01-20 13:03:07,AMD,231.8000030517578,-0.46,2.13,BEAR,HOLD,,NO
2026-01-20 13:04:07,NVDA,186.22999572753906,-3.81,3.08,BEAR,HOLD,,NO
2026-01-20 13:04:07,AMD,231.8000030517578,-0.46,2.13,BEAR,HOLD,,NO
2026-01-20 13:05:07,NVDA,186.22999572753906,-3.81,3.08,BEAR,HOLD,,NO
2026-01-20 13:05:08,AMD,231.8000030517578,-0.46,2.13,BEAR,HOLD,,NO
2026-01-20 13:06:08,NVDA,186.22999572753906,-3.81,3.08,BEAR,HOLD,,NO
2026-01-20 13:06:08,AMD,231.8000030517578,-0.46,2.13,BEAR,HOLD,,NO
2026-01-20 13:07:08,NVDA,186.22999572753906,-3.81,3.08,BEAR,HOLD,,NO
2026-01-20 13:07:09,AMD,231.8000030517578,-0.46,2.13,BEAR,HOLD,,NO
2026-01-20 13:08:09,NVDA,186.22999572753906,-3.81,3.08,BEAR,HOLD,,NO
2026-01-20 13:08:10,AMD,231.8000030517578,-0.46,2.13,BEAR,HOLD,,NO
2026-01-20 13:09:10,NVDA,186.22999572753906,-3.81,3.08,BEAR,HOLD,,NO
2026-01-20 13:09:10,AMD,231.8000030517578,-0.46,2.13,BEAR,HOLD,,NO
2026-01-20 13:10:10,NVDA,186.22999572753906,-3.81,3.08,BEAR,HOLD,,NO
2026-01-20 13:10:11,AMD,231.8000030517578,-0.46,2.13,BEAR,HOLD,,NO
2026-01-20 13:11:11,NVDA,186.22999572753906,-3.81,3.08,BEAR,HOLD,,NO
2026-01-20 13:11:11,AMD,231.8000030517578,-0.46,2.13,BEAR,HOLD,,NO
2026-01-20 13:12:12,NVDA,186.22999572753906,-3.81,3.08,BEAR,HOLD,,NO
2026-01-20 13:12:12,AMD,231.8000030517578,-0.46,2.13,BEAR,HOLD,,NO
2026-01-20 13:13:12,NVDA,186.22999572753906,-3.81,3.08,BEAR,HOLD,,NO
2026-01-20 13:13:13,AMD,231.8000030517578,-0.46,2.13,BEAR,HOLD,,NO
2026-01-20 13:14:13,NVDA,186.22999572753906,-3.81,3.08,BEAR,HOLD,,NO
2026-01-20 13:14:13,AMD,231.8000030517578,-0.46,2.13,BEAR,HOLD,,NO
2026-01-20 13:15:13,NVDA,186.22999572753906,-3.81,3.08,BEAR,HOLD,,NO
2026-01-20 13:15:14,AMD,231.8000030517578,-0.46,2.13,BEAR,HOLD,,NO
2026-01-20 13:16:14,NVDA,186.22999572753906,-3.81,3.08,BEAR,HOLD,,NO
2026-01-20 13:16:14,AMD,231.8000030517578,-0.46,2.13,BEAR,HOLD,,NO
2026-01-20 13:17:15,NVDA,186.22999572753906,-3.81,3.08,BEAR,HOLD,,NO
2026-01-20 13:17:15,AMD,231.8000030517578,-0.46,2.13,BEAR,HOLD,,NO
2026-01-20 13:18:15,NVDA,186.22999572753906,-3.81,3.08,BEAR,HOLD,,NO
2026-01-20 13:18:15,AMD,231.8000030517578,-0.46,2.13,BEAR,HOLD,,NO
2026-01-20 13:19:16,NVDA,186.22999572753906,-3.81,3.08,BEAR,HOLD,,NO
2026-01-20 13:19:16,AMD,231.8000030517578,-0.46,2.13,BEAR,HOLD,,NO
2026-01-20 13:20:16,NVDA,186.22999572753906,-3.81,3.08,BEAR,HOLD,,NO
2026-01-20 13:20:17,AMD,231.8000030517578,-0.46,2.13,BEAR,HOLD,,NO
2026-01-20 13:21:17,NVDA,186.22999572753906,-3.81,3.08,BEAR,HOLD,,NO
2026-01-20 13:21:17,AMD,231.8000030517578,-0.46,2.13,BEAR,HOLD,,NO
2026-01-20 13:22:17,NVDA,186.22999572753906,-3.81,3.08,BEAR,HOLD,,NO
2026-01-20 13:22:18,AMD,231.8000030517578,-0.46,2.13,BEAR,HOLD,,NO
2026-01-20 13:23:18,NVDA,186.22999572753906,-3.81,3.08,BEAR,HOLD,,NO
2026-01-20 13:23:18,AMD,231.8000030517578,-0.46,2.13,BEAR,HOLD,,NO
2026-01-20 13:24:19,NVDA,186.22999572753906,-3.81,3.08,BEAR,HOLD,,NO
2026-01-20 13:24:19,AMD,231.8000030517578,-0.46,2.13,BEAR,HOLD,,NO
2026-01-20 13:25:19,NVDA,186.22999572753906,-3.81,3.08,BEAR,HOLD,,NO
2026-01-20 13:25:20,AMD,231.8000030517578,-0.46,2.13,BEAR,HOLD,,NO
2026-01-20 13:26:20,NVDA,186.22999572753906,-3.81,3.08,BEAR,HOLD,,NO
2026-01-20 13:26:20,AMD,231.8000030517578,-0.46,2.13,BEAR,HOLD,,NO
2026-01-20 13:27:21,NVDA,186.22999572753906,-3.81,3.08,BEAR,HOLD,,NO
2026-01-20 13:27:21,AMD,231.8000030517578,-0.46,2.13,BEAR,HOLD,,NO
2026-01-20 13:28:21,NVDA,186.22999572753906,-3.81,3.08,BEAR,HOLD,,NO
2026-01-20 13:28:22,AMD,231.8000030517578,-0.46,2.13,BEAR,HOLD,,NO
2026-01-20 13:29:22,NVDA,186.22999572753906,-3.81,3.08,BEAR,HOLD,,NO
2026-01-20 13:29:22,AMD,231.8000030517578,-0.46,2.13,BEAR,HOLD,,NO
2026-01-20 13:30:23,NVDA,186.22999572753906,-3.81,3.08,BEAR,HOLD,,NO
2026-01-20 13:30:23,AMD,231.8000030517578,-0.46,2.13,BEAR,HOLD,,NO
2026-01-20 13:31:23,NVDA,186.22999572753906,-3.81,3.08,BEAR,HOLD,,NO
2026-01-20 13:31:23,AMD,231.8000030517578,-0.46,2.13,BEAR,HOLD,,NO
2026-01-20 13:32:24,NVDA,186.22999572753906,-3.81,3.08,BEAR,HOLD,,NO
2026-01-20 13:32:24,AMD,231.8000030517578,-0.46,2.13,BEAR,HOLD,,NO
2026-01-20 13:33:24,NVDA,186.22999572753906,-3.81,3.08,BEAR,HOLD,,NO
2026-01-20 13:33:25,AMD,231.8000030517578,-0.46,2.13,BEAR,HOLD,,NO
2026-01-20 13:34:25,NVDA,186.22999572753906,-3.81,3.08,BEAR,HOLD,,NO
2026-01-20 13:34:25,AMD,231.8000030517578,-0.46,2.13,BEAR,HOLD,,NO
2026-01-20 13:35:25,NVDA,186.22999572753906,-3.81,3.08,BEAR,HOLD,,NO
2026-01-20 13:35:26,AMD,231.8000030517578,-0.46,2.13,BEAR,HOLD,,NO
2026-01-20 13:36:26,NVDA,186.22999572753906,-3.81,3.08,BEAR,HOLD,,NO
2026-01-20 13:36:26,AMD,231.8000030517578,-0.46,2.13,BEAR,HOLD,,NO
2026-01-20 13:37:26,NVDA,186.22999572753906,-3.81,3.08,BEAR,HOLD,,NO
2026-01-20 13:37:27,AMD,231.8000030517578,-0.46,2.13,BEAR,HOLD,,NO
2026-01-20 13:38:27,NVDA,186.22999572753906,-3.81,3.08,BEAR,HOLD,,NO
2026-01-20 13:38:27,AMD,231.8000030517578,-0.46,2.13,BEAR,HOLD,,NO
2026-01-20 13:39:28,NVDA,186.22999572753906,-3.81,3.08,BEAR,HOLD,,NO
2026-01-20 13:39:28,AMD,231.8000030517578,-0.46,2.13,BEAR,HOLD,,NO
2026-01-20 13:40:28,NVDA,186.22999572753906,-3.81,3.08,BEAR,HOLD,,NO
2026-01-20 13:40:28,AMD,231.8000030517578,-0.46,2.13,BEAR,HOLD,,NO
2026-01-20 13:41:29,NVDA,186.22999572753906,-3.81,3.08,BEAR,HOLD,,NO
2026-01-20 13:41:29,AMD,231.8000030517578,-0.46,2.13,BEAR,HOLD,,NO
2026-01-20 13:42:29,NVDA,186.22999572753906,-3.81,3.08,BEAR,HOLD,,NO
2026-01-20 13:42:30,AMD,231.8000030517578,-0.46,2.13,BEAR,HOLD,,NO
2026-01-20 13:43:30,NVDA,186.22999572753906,-3.81,3.08,BEAR,HOLD,,NO
2026-01-20 13:43:31,AMD,231.8000030517578,-0.46,2.13,BEAR,HOLD,,NO
2026-01-20 13:44:31,NVDA,186.22999572753906,-3.81,3.08,BEAR,HOLD,,NO
2026-01-20 13:44:31,AMD,231.8000030517578,-0.46,2.13,BEAR,HOLD,,NO
2026-01-20 13:45:31,NVDA,186.22999572753906,-3.81,3.08,BEAR,HOLD,,NO
2026-01-20 13:45:32,AMD,231.8000030517578,-0.46,2.13,BEAR,HOLD,,NO
2026-01-20 13:46:32,NVDA,186.22999572753906,-3.81,3.08,BEAR,HOLD,,NO
2026-01-20 13:46:32,AMD,231.8000030517578,-0.46,2.13,BEAR,HOLD,,NO
2026-01-20 13:47:33,NVDA,186.22999572753906,-3.81,3.08,BEAR,HOLD,,NO
2026-01-20 13:47:33,AMD,231.8000030517578,-0.46,2.13,BEAR,HOLD,,NO
2026-01-20 13:48:33,NVDA,186.22999572753906,-3.81,3.08,BEAR,HOLD,,NO
2026-01-20 13:48:33,AMD,231.8000030517578,-0.46,2.13,BEAR,HOLD,,NO
2026-01-20 13:49:34,NVDA,186.22999572753906,-3.81,3.08,BEAR,HOLD,,NO
2026-01-20 13:49:34,AMD,231.8000030517578,-0.46,2.13,BEAR,HOLD,,NO
2026-01-20 13:50:34,NVDA,186.22999572753906,-3.81,3.08,BEAR,HOLD,,NO
2026-01-20 13:50:35,AMD,231.8000030517578,-0.46,2.13,BEAR,HOLD,,NO
2026-01-20 13:51:35,NVDA,186.22999572753906,-3.81,3.08,BEAR,HOLD,,NO
2026-01-20 13:51:35,AMD,231.8000030517578,-0.46,2.13,BEAR,HOLD,,NO
2026-01-20 13:52:36,NVDA,186.22999572753906,-3.81,3.08,BEAR,HOLD,,NO
2026-01-20 13:52:36,AMD,231.8000030517578,-0.46,2.13,BEAR,HOLD,,NO
2026-01-20 13:53:36,NVDA,186.22999572753906,-3.81,3.08,BEAR,HOLD,,NO
2026-01-20 13:53:36,AMD,231.8000030517578,-0.46,2.13,BEAR,HOLD,,NO
2026-01-20 13:54:36,NVDA,186.22999572753906,-3.81,3.08,BEAR,HOLD,,NO
2026-01-20 13:54:37,AMD,231.8000030517578,-0.46,2.13,BEAR,HOLD,,NO
2026-01-20 13:55:37,NVDA,186.22999572753906,-3.81,3.08,BEAR,HOLD,,NO
2026-01-20 13:55:37,AMD,231.8000030517578,-0.46,2.13,BEAR,HOLD,,NO
2026-01-20 13:56:38,NVDA,186.22999572753906,-3.81,3.08,BEAR,HOLD,,NO
2026-01-20 13:56:38,AMD,231.8000030517578,-0.46,2.13,BEAR,HOLD,,NO
2026-01-20 13:57:38,NVDA,186.22999572753906,-3.81,3.08,BEAR,HOLD,,NO
2026-01-20 13:57:39,AMD,231.8000030517578,-0.46,2.13,BEAR,HOLD,,NO
2026-01-20 13:58:39,NVDA,186.22999572753906,-3.81,3.08,BEAR,HOLD,,NO
2026-01-20 13:58:39,AMD,231.8000030517578,-0.46,2.13,BEAR,HOLD,,NO
2026-01-20 13:59:40,NVDA,186.22999572753906,-3.81,3.08,BEAR,HOLD,,NO
2026-01-20 13:59:40,AMD,231.8000030517578,-0.46,2.13,BEAR,HOLD,,NO
2026-01-20 14:00:40,NVDA,186.22999572753906,-3.81,3.08,BEAR,HOLD,,NO
2026-01-20 14:00:40,AMD,231.8000030517578,-0.46,2.13,BEAR,HOLD,,NO
2026-01-20 14:01:41,NVDA,186.22999572753906,-3.81,3.08,BEAR,HOLD,,NO
2026-01-20 14:01:41,AMD,231.8000030517578,-0.46,2.13,BEAR,HOLD,,NO
2026-01-20 14:02:41,NVDA,186.22999572753906,-3.81,3.08,BEAR,HOLD,,NO
2026-01-20 14:02:42,AMD,231.8000030517578,-0.46,2.13,BEAR,HOLD,,NO
2026-01-20 14:03:42,NVDA,186.22999572753906,-3.81,3.08,BEAR,HOLD,,NO
2026-01-20 14:03:42,AMD,231.8000030517578,-0.46,2.13,BEAR,HOLD,,NO
2026-01-20 14:04:42,NVDA,186.22999572753906,-3.81,3.08,BEAR,HOLD,,NO
2026-01-20 14:04:43,AMD,231.8000030517578,-0.46,2.13,BEAR,HOLD,,NO
2026-01-20 14:05:43,NVDA,186.22999572753906,-3.81,3.08,BEAR,HOLD,,NO
2026-01-20 14:05:43,AMD,231.8000030517578,-0.46,2.13,BEAR,HOLD,,NO
2026-01-20 14:06:44,NVDA,186.22999572753906,-3.81,3.08,BEAR,HOLD,,NO
2026-01-20 14:06:44,AMD,231.8000030517578,-0.46,2.13,BEAR,HOLD,,NO
2026-01-20 14:07:44,NVDA,186.22999572753906,-3.81,3.08,BEAR,HOLD,,NO
2026-01-20 14:07:45,AMD,231.8000030517578,-0.46,2.13,BEAR,HOLD,,NO
2026-01-20 14:08:45,NVDA,186.22999572753906,-3.81,3.08,BEAR,HOLD,,NO
2026-01-20 14:08:45,AMD,231.8000030517578,-0.46,2.13,BEAR,HOLD,,NO
2026-01-20 14:09:45,NVDA,186.22999572753906,-3.81,3.08,BEAR,HOLD,,NO
2026-01-20 14:09:46,AMD,231.8000030517578,-0.46,2.13,BEAR,HOLD,,NO
2026-01-20 14:10:46,NVDA,186.22999572753906,-3.81,3.08,BEAR,HOLD,,NO
2026-01-20 14:10:46,AMD,231.8000030517578,-0.46,2.13,BEAR,HOLD,,NO
2026-01-20 14:11:46,NVDA,186.22999572753906,-3.81,3.08,BEAR,HOLD,,NO
2026-01-20 14:11:47,AMD,231.8000030517578,-0.46,2.13,BEAR,HOLD,,NO
2026-01-20 14:12:47,NVDA,186.22999572753906,-3.81,3.08,BEAR,HOLD,,NO
2026-01-20 14:12:47,AMD,231.8000030517578,-0.46,2.13,BEAR,HOLD,,NO
2026-01-20 14:13:48,NVDA,186.22999572753906,-3.81,3.08,BEAR,HOLD,,NO
2026-01-20 14:13:48,AMD,231.8000030517578,-0.46,2.13,BEAR,HOLD,,NO
2026-01-20 14:14:48,NVDA,186.22999572753906,-3.81,3.08,BEAR,HOLD,,NO
2026-01-20 14:14:48,AMD,231.8000030517578,-0.46,2.13,BEAR,HOLD,,NO
2026-01-20 14:15:49,NVDA,186.22999572753906,-3.81,3.08,BEAR,HOLD,,NO
2026-01-20 14:15:49,AMD,231.8000030517578,-0.46,2.13,BEAR,HOLD,,NO
2026-01-20 14:16:49,NVDA,186.22999572753906,-3.81,3.08,BEAR,HOLD,,NO
2026-01-20 14:16:50,AMD,231.8000030517578,-0.46,2.13,BEAR,HOLD,,NO
2026-01-20 14:17:50,NVDA,186.22999572753906,-3.81,3.08,BEAR,HOLD,,NO
2026-01-20 14:17:50,AMD,231.8000030517578,-0.46,2.13,BEAR,HOLD,,NO
2026-01-20 14:18:50,NVDA,186.22999572753906,-3.81,3.08,BEAR,HOLD,,NO
2026-01-20 14:18:51,AMD,231.8000030517578,-0.46,2.13,BEAR,HOLD,,NO
2026-01-20 14:19:51,NVDA,186.22999572753906,-3.81,3.08,BEAR,HOLD,,NO
2026-01-20 14:19:51,AMD,231.8000030517578,-0.46,2.13,BEAR,HOLD,,NO
2026-01-20 14:20:52,NVDA,186.22999572753906,-3.81,3.08,BEAR,HOLD,,NO
2026-01-20 14:20:52,AMD,231.8000030517578,-0.46,2.13,BEAR,HOLD,,NO
2026-01-20 14:21:52,NVDA,186.22999572753906,-3.81,3.08,BEAR,HOLD,,NO
2026-01-20 14:21:52,AMD,231.8000030517578,-0.46,2.13,BEAR,HOLD,,NO
2026-01-20 14:22:53,NVDA,186.22999572753906,-3.81,3.08,BEAR,HOLD,,NO
2026-01-20 14:22:53,AMD,231.8000030517578,-0.46,2.13,BEAR,HOLD,,NO
2026-01-20 14:23:53,NVDA,186.22999572753906,-3.81,3.08,BEAR,HOLD,,NO
2026-01-20 14:23:54,AMD,231.8000030517578,-0.46,2.13,BEAR,HOLD,,NO
2026-01-20 14:24:54,NVDA,186.22999572753906,-3.81,3.08,BEAR,HOLD,,NO
2026-01-20 14:24:54,AMD,231.8000030517578,-0.46,2.13,BEAR,HOLD,,NO
2026-01-20 14:25:54,NVDA,186.22999572753906,-3.81,3.08,BEAR,HOLD,,NO
2026-01-20 14:25:55,AMD,231.8000030517578,-0.46,2.13,BEAR,HOLD,,NO
2026-01-20 14:26:55,NVDA,186.22999572753906,-3.81,3.08,BEAR,HOLD,,NO
2026-01-20 14:26:55,AMD,231.8000030517578,-0.46,2.13,BEAR,HOLD,,NO
2026-01-20 14:27:56,NVDA,186.22999572753906,-3.81,3.08,BEAR,HOLD,,NO
2026-01-20 14:27:56,AMD,231.8000030517578,-0.46,2.13,BEAR,HOLD,,NO
2026-01-20 14:28:56,NVDA,186.22999572753906,-3.81,3.08,BEAR,HOLD,,NO
2026-01-20 14:28:57,AMD,231.8000030517578,-0.46,2.13,BEAR,HOLD,,NO
2026-01-20 14:29:57,NVDA,186.22999572753906,-3.81,3.08,BEAR,HOLD,,NO
2026-01-20 14:29:57,AMD,231.8000030517578,-0.46,2.13,BEAR,HOLD,,NO
2026-01-20 14:30:58,NVDA,181.91000366210938,-3.96,0.00,BEAR,HOLD,,NO
2026-01-20 14:30:59,AMD,225.67999267578125,-3.82,0.00,BEAR,HOLD,,NO
2026-01-20 14:31:59,NVDA,181.7100067138672,-3.99,0.00,BEAR,HOLD,,NO
2026-01-20 14:31:59,AMD,230.25,-1.88,0.00,BEAR,HOLD,,NO
2026-01-20 14:32:59,NVDA,180.89990234375,-4.06,2.70,BEAR,HOLD,,NO
2026-01-20 14:33:00,AMD,230.47999572753906,-1.64,3.14,BEAR,HOLD,,NO
2026-01-20 14:34:00,NVDA,181.6199951171875,-4.00,3.12,BEAR,HOLD,,NO
2026-01-20 14:34:00,AMD,231.78050231933594,0.07,3.36,BEAR,HOLD,,NO
2026-01-20 14:35:00,NVDA,182.01499938964844,-3.95,3.53,BEAR,HOLD,,NO
2026-01-20 14:35:01,AMD,232.16000366210938,0.60,3.91,BEAR,HOLD,,NO
2026-01-20 14:36:01,NVDA,181.5800018310547,-4.00,3.73,BEAR,HOLD,,NO
2026-01-20 14:36:01,AMD,231.5175018310547,-0.30,4.17,BEAR,HOLD,,NO
2026-01-20 14:37:02,NVDA,180.92999267578125,-4.06,3.89,BEAR,HOLD,,NO
2026-01-20 14:37:02,AMD,230.85569763183594,-1.19,4.36,BEAR,HOLD,,NO
2026-01-20 14:38:02,NVDA,180.69000244140625,-4.07,4.08,BEAR,HOLD,,NO
2026-01-20 14:38:03,AMD,231.52999877929688,-0.28,4.51,BEAR,HOLD,,NO
2026-01-20 14:39:03,NVDA,180.88999938964844,-4.06,4.28,BEAR,HOLD,,NO
2026-01-20 14:39:04,AMD,232.0,0.38,4.72,BEAR,HOLD,,NO
2026-01-20 14:40:04,NVDA,180.28500366210938,-4.09,4.51,BEAR,HOLD,,NO
2026-01-20 14:40:04,AMD,231.40499877929688,-0.46,4.94,BEAR,HOLD,,NO
2026-01-20 14:41:05,NVDA,179.94000244140625,-4.11,4.99,BEAR,HOLD,,NO
2026-01-20 14:41:05,AMD,229.44000244140625,-2.58,5.12,BEAR,HOLD,,NO
2026-01-20 14:42:05,NVDA,180.1251983642578,-4.10,5.15,BEAR,HOLD,,NO
2026-01-20 14:42:06,AMD,229.77999877929688,-2.32,5.26,BEAR,HOLD,,NO
2026-01-20 14:43:06,NVDA,180.49000549316406,-4.08,5.28,BEAR,HOLD,,NO
2026-01-20 14:43:06,AMD,229.67999267578125,-2.40,5.43,BEAR,HOLD,,NO
2026-01-20 14:44:06,NVDA,180.36000061035156,-4.09,5.41,BEAR,HOLD,,NO
2026-01-20 14:44:07,AMD,229.89999389648438,-2.22,5.58,BEAR,HOLD,,NO
2026-01-20 14:45:07,NVDA,180.5,0.16,0.00,BEAR,HOLD,,NO
2026-01-20 14:45:07,AMD,228.8300018310547,-0.54,0.00,BEAR,HOLD,,NO
2026-01-20 14:46:08,NVDA,180.6999969482422,0.31,0.17,BEAR,HOLD,,NO
2026-01-20 14:46:08,AMD,228.78500366210938,-0.59,0.15,BEAR,HOLD,,NO
2026-01-20 14:47:08,NVDA,180.4499969482422,0.12,0.33,BEAR,HOLD,,NO
2026-01-20 14:47:09,AMD,228.6649932861328,-0.73,0.30,BEAR,HOLD,,NO
2026-01-20 14:48:09,NVDA,180.0749969482422,-0.17,0.53,BEAR,HOLD,,NO
2026-01-20 14:48:09,AMD,228.11500549316406,-1.30,0.47,BEAR,HOLD,,NO
2026-01-20 14:49:09,NVDA,180.2899932861328,-0.00,0.72,BEAR,HOLD,,NO
2026-01-20 14:49:10,AMD,228.75999450683594,-0.62,0.60,BEAR,HOLD,,NO
2026-01-20 14:50:10,NVDA,179.8699951171875,-0.32,0.98,BEAR,HOLD,,NO
2026-01-20 14:50:10,AMD,229.1750030517578,-0.15,0.70,BEAR,HOLD,,NO
2026-01-20 14:51:11,NVDA,180.1750030517578,-0.09,1.18,BEAR,HOLD,,NO
2026-01-20 14:51:11,AMD,230.7550048828125,1.54,0.89,BEAR,HOLD,,NO
2026-01-20 14:52:11,NVDA,180.4199981689453,0.10,1.34,BEAR,HOLD,,NO
2026-01-20 14:52:12,AMD,231.7050018310547,2.29,1.12,BEAR,HOLD,,NO
2026-01-20 14:53:12,NVDA,180.61000061035156,0.24,1.49,BEAR,HOLD,,NO
2026-01-20 14:53:12,AMD,231.82000732421875,2.37,1.36,BEAR,HOLD,,NO
2026-01-20 14:54:12,NVDA,180.44000244140625,0.11,1.66,BEAR,HOLD,,NO
2026-01-20 14:54:13,AMD,231.85499572753906,2.39,1.51,BEAR,HOLD,,NO
2026-01-20 14:55:13,NVDA,180.2899932861328,-0.00,1.80,BEAR,HOLD,,NO
2026-01-20 14:55:13,AMD,231.80499267578125,2.36,1.61,BEAR,HOLD,,NO
2026-01-20 14:56:14,NVDA,180.3249969482422,0.02,1.94,BEAR,HOLD,,NO
2026-01-20 14:56:14,AMD,232.8874053955078,2.94,1.80,BEAR,HOLD,,NO
2026-01-20 14:57:14,NVDA,179.83999633789062,-0.34,2.13,BEAR,HOLD,,NO
2026-01-20 14:57:14,AMD,233.0294952392578,2.99,2.04,BEAR,HOLD,,NO
2026-01-20 14:58:15,NVDA,179.86000061035156,-0.33,2.31,BEAR,HOLD,,NO
2026-01-20 14:58:15,AMD,233.1199951171875,3.03,2.19,BEAR,HOLD,,NO
2026-01-20 14:59:15,NVDA,180.13499450683594,-0.12,2.47,BEAR,HOLD,,NO
2026-01-20 14:59:16,AMD,233.44000244140625,3.15,2.35,BEAR,HOLD,,NO
2026-01-20 15:00:16,NVDA,179.89500427246094,0.26,0.00,BEAR,HOLD,,NO
2026-01-20 15:00:16,AMD,233.6199951171875,0.23,0.00,BEAR,HOLD,,NO
2026-01-20 15:01:16,NVDA,179.8300018310547,0.21,0.14,BEAR,HOLD,,NO
2026-01-20 15:01:17,AMD,233.00790405273438,-0.25,0.15,BEAR,HOLD,,NO
2026-01-20 15:02:17,NVDA,179.86000061035156,0.24,0.24,BEAR,HOLD,,NO
2026-01-20 15:02:17,AMD,234.0124969482422,0.53,0.33,BEAR,HOLD,,NO
2026-01-20 15:03:18,NVDA,180.03250122070312,0.37,0.37,BEAR,HOLD,,NO
2026-01-20 15:03:18,AMD,233.4199981689453,0.08,0.47,BEAR,HOLD,,NO
2026-01-20 15:04:18,NVDA,180.04930114746094,0.38,0.47,BEAR,HOLD,,NO
2026-01-20 15:04:18,AMD,233.64999389648438,0.25,0.47,BEAR,HOLD,,NO
2026-01-20 15:05:19,NVDA,180.22999572753906,0.51,0.50,BEAR,HOLD,,NO
2026-01-20 15:05:19,AMD,234.17269897460938,0.65,0.63,BEAR,HOLD,,NO
2026-01-20 15:06:19,NVDA,180.4499969482422,0.67,0.69,BEAR,HOLD,,NO
2026-01-20 15:06:20,AMD,234.55999755859375,0.94,0.89,BEAR,HOLD,,NO
2026-01-20 15:07:20,NVDA,180.5800018310547,0.77,0.81,BEAR,HOLD,,NO
2026-01-20 15:07:20,AMD,234.4949951171875,0.89,1.03,BEAR,HOLD,,NO
2026-01-20 15:08:21,NVDA,180.3699951171875,0.62,0.97,BEAR,HOLD,,NO
2026-01-20 15:08:21,AMD,234.406005859375,0.83,1.18,BEAR,HOLD,,NO
2026-01-20 15:09:21,NVDA,180.60009765625,0.78,1.08,BEAR,HOLD,,NO
2026-01-20 15:09:22,AMD,234.77999877929688,1.09,1.39,BEAR,HOLD,,NO
2026-01-20 15:10:22,NVDA,180.3699951171875,0.62,1.18,BEAR,HOLD,,NO
2026-01-20 15:10:22,AMD,235.38999938964844,1.50,1.53,BEAR,HOLD,,NO
2026-01-20 15:11:22,NVDA,180.18170166015625,0.48,1.27,BEAR,HOLD,,NO
2026-01-20 15:11:23,AMD,235.13999938964844,1.34,1.64,BEAR,HOLD,,NO
2026-01-20 15:12:23,NVDA,180.22999572753906,0.51,1.35,BEAR,HOLD,,NO
2026-01-20 15:12:23,AMD,234.84500122070312,1.14,1.78,BEAR,HOLD,,NO
2026-01-20 15:13:24,NVDA,180.3408966064453,0.59,1.44,BEAR,HOLD,,NO
2026-01-20 15:13:24,AMD,234.7899932861328,1.10,1.86,BEAR,HOLD,,NO
2026-01-20 15:14:24,NVDA,180.02999877929688,0.36,1.50,BEAR,HOLD,,NO
2026-01-20 15:14:25,AMD,234.72000122070312,1.05,1.97,BEAR,HOLD,,NO
2026-01-20 15:15:25,NVDA,180.13999938964844,0.37,0.00,BEAR,HOLD,,NO
2026-01-20 15:15:25,AMD,234.73899841308594,-0.17,0.00,BEAR,HOLD,,NO
2026-01-20 15:16:25,NVDA,179.92999267578125,0.22,0.10,BEAR,HOLD,,NO
2026-01-20 15:16:26,AMD,234.93499755859375,-0.02,0.09,BEAR,HOLD,,NO
2026-01-20 15:17:26,NVDA,179.8699951171875,0.17,0.18,BEAR,HOLD,,NO
2026-01-20 15:17:26,AMD,234.7449951171875,-0.16,0.20,BEAR,HOLD,,NO
2026-01-20 15:18:27,NVDA,179.77999877929688,0.10,0.27,BEAR,HOLD,,NO
2026-01-20 15:18:27,AMD,235.0500030517578,0.07,0.33,BEAR,HOLD,,NO
2026-01-20 15:19:27,NVDA,179.72500610351562,0.06,0.38,BEAR,HOLD,,NO
2026-01-20 15:19:28,AMD,234.01499938964844,-0.70,0.48,BEAR,HOLD,,NO
2026-01-20 15:20:28,NVDA,179.80499267578125,0.12,0.46,BEAR,HOLD,,NO
2026-01-20 15:20:28,AMD,233.8300018310547,-0.83,0.61,BEAR,HOLD,,NO
2026-01-20 15:21:28,NVDA,179.8350067138672,0.14,0.56,BEAR,HOLD,,NO
2026-01-20 15:21:29,AMD,234.56500244140625,-0.30,0.80,BEAR,HOLD,,NO
2026-01-20 15:22:29,NVDA,180.22999572753906,0.44,0.67,BEAR,HOLD,,NO
2026-01-20 15:22:30,AMD,235.8699951171875,0.67,0.91,BEAR,HOLD,,NO
2026-01-20 15:23:30,NVDA,180.26950073242188,0.47,0.76,BEAR,HOLD,,NO
2026-01-20 15:23:30,AMD,236.13999938964844,0.86,1.11,BEAR,HOLD,,NO
2026-01-20 15:24:31,NVDA,180.19000244140625,0.41,0.85,BEAR,HOLD,,NO
2026-01-20 15:24:31,AMD,235.67359924316406,0.53,1.25,BEAR,HOLD,,NO
2026-01-20 15:25:31,NVDA,180.44000244140625,0.60,0.93,BEAR,HOLD,,NO
2026-01-20 15:25:31,AMD,236.47999572753906,1.09,1.36,BEAR,HOLD,,NO
2026-01-20 15:26:32,NVDA,180.44000244140625,0.60,1.03,BEAR,HOLD,,NO
2026-01-20 15:26:32,AMD,237.16000366210938,1.52,1.50,BEAR,HOLD,,NO
2026-01-20 15:27:32,NVDA,180.45989990234375,0.61,1.11,BEAR,HOLD,,NO
2026-01-20 15:27:33,AMD,237.24000549316406,1.57,1.66,BEAR,HOLD,,NO
2026-01-20 15:28:33,NVDA,180.625,0.73,1.18,BEAR,HOLD,,NO
2026-01-20 15:28:33,AMD,237.30999755859375,1.61,1.75,BEAR,HOLD,,NO
2026-01-20 15:29:34,NVDA,180.8070068359375,0.86,1.29,BEAR,HOLD,,NO
2026-01-20 15:29:34,AMD,237.5247039794922,1.74,1.83,BEAR,HOLD,,NO
2026-01-20 15:30:34,NVDA,180.83999633789062,0.31,0.00,BEAR,HOLD,,NO
2026-01-20 15:30:35,AMD,237.55999755859375,0.00,0.00,BEAR,HOLD,,NO
2026-01-20 15:31:35,NVDA,181.0449981689453,0.46,0.10,BEAR,HOLD,,NO
2026-01-20 15:31:35,AMD,236.89999389648438,-0.45,0.13,BEAR,HOLD,,NO
2026-01-20 15:32:36,NVDA,181.02999877929688,0.45,0.31,BEAR,HOLD,,NO
2026-01-20 15:32:36,AMD,237.27049255371094,-0.20,0.24,BEAR,HOLD,,NO
2026-01-20 15:33:36,NVDA,181.2465057373047,0.61,0.43,BEAR,HOLD,,NO
2026-01-20 15:33:37,AMD,237.77999877929688,0.15,0.34,BEAR,HOLD,,NO
2026-01-20 15:34:37,NVDA,181.33999633789062,0.67,0.54,BEAR,HOLD,,NO
2026-01-20 15:34:37,AMD,237.92999267578125,0.25,0.46,BEAR,HOLD,,NO
2026-01-20 15:35:37,NVDA,181.29989624023438,0.64,0.63,BEAR,HOLD,,NO
2026-01-20 15:35:38,AMD,237.7550048828125,0.13,0.58,BEAR,HOLD,,NO
2026-01-20 15:36:38,NVDA,181.4550018310547,0.76,0.73,BEAR,HOLD,,NO
2026-01-20 15:36:38,AMD,238.07000732421875,0.35,0.66,BEAR,HOLD,,NO
2026-01-20 15:37:39,NVDA,181.2655029296875,0.62,0.83,BEAR,HOLD,,NO
2026-01-20 15:37:39,AMD,237.85020446777344,0.20,0.74,BEAR,HOLD,,NO
2026-01-20 15:38:39,NVDA,181.2801055908203,0.63,0.93,BEAR,HOLD,,NO
2026-01-20 15:38:40,AMD,237.98500061035156,0.29,0.83,BEAR,HOLD,,NO
2026-01-20 15:39:40,NVDA,181.22500610351562,0.59,1.02,BEAR,HOLD,,NO
2026-01-20 15:39:40,AMD,238.3300018310547,0.52,0.89,BEAR,HOLD,,NO
2026-01-20 15:40:41,NVDA,181.22500610351562,0.59,1.08,BEAR,HOLD,,NO
2026-01-20 15:40:41,AMD,238.4499969482422,0.60,0.97,BEAR,HOLD,,NO
2026-01-20 15:41:41,NVDA,181.55999755859375,0.83,1.16,BEAR,HOLD,,NO
2026-01-20 15:41:41,AMD,239.02000427246094,0.97,1.08,BEAR,HOLD,,NO
2026-01-20 15:42:42,NVDA,181.57000732421875,0.84,1.16,BEAR,HOLD,,NO
2026-01-20 15:42:42,AMD,239.07000732421875,1.00,1.21,BEAR,HOLD,,NO
2026-01-20 15:43:42,NVDA,181.57000732421875,0.84,1.16,BEAR,HOLD,,NO
2026-01-20 15:43:43,AMD,239.07000732421875,1.00,1.36,BEAR,HOLD,,NO
2026-01-20 15:44:43,NVDA,181.57000732421875,0.84,1.16,BEAR,HOLD,,NO
2026-01-20 15:44:43,AMD,238.6699981689453,0.75,1.48,BEAR,HOLD,,NO
2026-01-20 15:45:44,NVDA,181.57000732421875,0.84,1.16,BEAR,HOLD,,NO
2026-01-20 15:45:44,AMD,238.74000549316406,-0.19,0.00,BEAR,HOLD,,NO
2026-01-20 15:46:44,NVDA,181.57000732421875,0.84,1.16,BEAR,HOLD,,NO
2026-01-20 15:46:44,AMD,238.41000366210938,-0.42,0.09,BEAR,HOLD,,NO
2026-01-20 15:47:45,NVDA,181.57000732421875,0.84,1.16,BEAR,HOLD,,NO
2026-01-20 15:47:45,AMD,237.77499389648438,-0.85,0.20,BEAR,HOLD,,NO
2026-01-20 15:48:45,NVDA,181.57000732421875,0.84,1.16,BEAR,HOLD,,NO
2026-01-20 15:48:46,AMD,238.02960205078125,-0.68,0.29,BEAR,HOLD,,NO
2026-01-20 15:49:46,NVDA,181.57000732421875,0.84,1.16,BEAR,HOLD,,NO
2026-01-20 15:49:46,AMD,238.02960205078125,-0.68,0.29,BEAR,HOLD,,NO
2026-01-20 15:50:46,NVDA,181.57000732421875,0.84,1.16,BEAR,HOLD,,NO
2026-01-20 15:50:47,AMD,238.02960205078125,-0.68,0.29,BEAR,HOLD,,NO
2026-01-20 15:51:47,NVDA,181.57000732421875,0.84,1.16,BEAR,HOLD,,NO
2026-01-20 15:51:47,AMD,238.02810668945312,-0.68,0.36,BEAR,HOLD,,NO
2026-01-20 15:52:47,NVDA,180.52499389648438,-0.52,0.00,BEAR,HOLD,,NO
2026-01-20 15:52:48,AMD,238.10000610351562,-0.63,0.36,BEAR,HOLD,,NO
2026-01-20 15:53:48,NVDA,180.50999450683594,-0.53,0.00,BEAR,HOLD,,NO
2026-01-20 15:53:48,AMD,238.15499877929688,-0.59,0.36,BEAR,HOLD,,NO
2026-01-20 15:54:49,NVDA,180.5800018310547,-0.48,1.18,BEAR,HOLD,,NO
2026-01-20 15:54:49,AMD,238.02000427246094,-0.68,0.36,BEAR,HOLD,,NO
2026-01-20 15:55:49,NVDA,180.63009643554688,-0.44,1.18,BEAR,HOLD,,NO
2026-01-20 15:55:50,AMD,237.9499969482422,-0.73,0.67,BEAR,HOLD,,NO
2026-01-20 15:56:50,NVDA,180.50999450683594,-0.53,0.00,BEAR,HOLD,,NO
2026-01-20 15:56:50,AMD,237.89500427246094,-0.77,0.67,BEAR,HOLD,,NO
2026-01-20 15:57:50,NVDA,180.6909942626953,-0.40,0.12,BEAR,HOLD,,NO
2026-01-20 15:57:51,AMD,237.82000732421875,-0.82,0.77,BEAR,HOLD,,NO
2026-01-20 15:58:51,NVDA,180.61000061035156,-0.46,0.12,BEAR,HOLD,,NO
2026-01-20 15:58:51,AMD,237.65220642089844,-0.93,0.77,BEAR,HOLD,,NO
2026-01-20 15:59:51,NVDA,180.6199951171875,-0.45,0.12,BEAR,HOLD,,NO
2026-01-20 15:59:52,AMD,237.6750030517578,-0.91,0.77,BEAR,HOLD,,NO
2026-01-20 16:00:52,NVDA,180.83070373535156,0.45,0.00,BEAR,HOLD,,NO
2026-01-20 16:00:52,AMD,238.47850036621094,-0.15,0.00,BEAR,HOLD,,NO
2026-01-20 16:01:53,NVDA,180.89999389648438,0.50,0.07,BEAR,HOLD,,NO
2026-01-20 16:01:53,AMD,238.49000549316406,-0.14,0.10,BEAR,HOLD,,NO
2026-01-20 16:02:53,NVDA,181.03500366210938,0.59,0.15,BEAR,HOLD,,NO
2026-01-20 16:02:53,AMD,238.45010375976562,-0.17,0.19,BEAR,HOLD,,NO
2026-01-20 16:03:54,NVDA,181.0500030517578,0.60,0.22,BEAR,HOLD,,NO
2026-01-20 16:03:54,AMD,238.46499633789062,-0.16,0.28,BEAR,HOLD,,NO
2026-01-20 16:04:54,NVDA,180.9949951171875,0.56,0.30,BEAR,HOLD,,NO
2026-01-20 16:04:55,AMD,238.25,-0.31,0.35,BEAR,HOLD,,NO
2026-01-20 16:05:55,NVDA,181.139892578125,0.67,0.34,BEAR,HOLD,,NO
2026-01-20 16:05:55,AMD,238.4600067138672,-0.16,0.41,BEAR,HOLD,,NO
2026-01-20 16:06:56,NVDA,181.06500244140625,0.61,0.40,BEAR,HOLD,,NO
2026-01-20 16:06:56,AMD,238.17999267578125,-0.36,0.46,BEAR,HOLD,,NO
2026-01-20 16:07:56,NVDA,181.10499572753906,0.64,0.46,BEAR,HOLD,,NO
2026-01-20 16:07:56,AMD,238.15499877929688,-0.38,0.52,BEAR,HOLD,,NO
2026-01-20 16:08:57,NVDA,181.0800018310547,0.62,0.51,BEAR,HOLD,,NO
2026-01-20 16:08:57,AMD,238.38499450683594,-0.22,0.59,BEAR,HOLD,,NO
2026-01-20 16:09:57,NVDA,180.9709930419922,0.55,0.56,BEAR,HOLD,,NO
2026-01-20 16:09:57,AMD,238.4199981689453,-0.19,0.65,BEAR,HOLD,,NO
2026-01-20 16:10:58,NVDA,181.14999389648438,0.67,0.60,BEAR,HOLD,,NO
2026-01-20 16:10:58,AMD,238.75,0.04,0.69,BEAR,HOLD,,NO
2026-01-20 16:11:58,NVDA,181.07000732421875,0.62,0.66,BEAR,HOLD,,NO
2026-01-20 16:11:59,AMD,238.63009643554688,-0.04,0.76,BEAR,HOLD,,NO
2026-01-20 16:12:59,NVDA,180.9149932861328,0.51,0.70,BEAR,HOLD,,NO
2026-01-20 16:12:59,AMD,238.0749969482422,-0.44,0.81,BEAR,HOLD,,NO
2026-01-20 16:14:00,NVDA,180.94500732421875,0.53,0.76,BEAR,HOLD,,NO
2026-01-20 16:14:00,AMD,237.94500732421875,-0.53,0.87,BEAR,HOLD,,NO
2026-01-20 16:15:00,NVDA,180.94500732421875,0.53,0.88,BEAR,HOLD,,NO
2026-01-20 16:15:00,AMD,238.21749877929688,-0.21,0.00,BEAR,HOLD,,NO
2026-01-20 16:16:01,NVDA,180.97000122070312,0.27,0.06,BEAR,HOLD,,NO
2026-01-20 16:16:01,AMD,237.9698944091797,-0.39,0.05,BEAR,HOLD,,NO
2026-01-20 16:17:01,NVDA,180.86500549316406,0.19,0.11,BEAR,HOLD,,NO
2026-01-20 16:17:02,AMD,238.35000610351562,-0.12,0.12,BEAR,HOLD,,NO
2026-01-20 16:18:02,NVDA,180.6999969482422,0.07,0.17,BEAR,HOLD,,NO
2026-01-20 16:18:02,AMD,238.06500244140625,-0.32,0.20,BEAR,HOLD,,NO
2026-01-20 16:19:03,NVDA,180.6699981689453,0.05,0.22,BEAR,HOLD,,NO
2026-01-20 16:19:03,AMD,237.6999969482422,-0.59,0.26,BEAR,HOLD,,NO
2026-01-20 16:20:03,NVDA,180.68499755859375,0.06,0.26,BEAR,HOLD,,NO
2026-01-20 16:20:03,AMD,238.25,-0.19,0.34,BEAR,HOLD,,NO
2026-01-20 16:21:04,NVDA,180.50509643554688,-0.07,0.33,BEAR,HOLD,,NO
2026-01-20 16:21:04,AMD,238.1199951171875,-0.28,0.40,BEAR,HOLD,,NO
2026-01-20 16:22:04,NVDA,180.47000122070312,-0.10,0.38,BEAR,HOLD,,NO
2026-01-20 16:22:05,AMD,238.12010192871094,-0.28,0.45,BEAR,HOLD,,NO
2026-01-20 16:23:05,NVDA,180.52999877929688,-0.05,0.43,BEAR,HOLD,,NO
2026-01-20 16:23:05,AMD,238.19000244140625,-0.23,0.51,BEAR,HOLD,,NO
2026-01-20 16:24:05,NVDA,180.47500610351562,-0.09,0.47,BEAR,HOLD,,NO
2026-01-20 16:24:06,AMD,238.25,-0.19,0.57,BEAR,HOLD,,NO
2026-01-20 16:25:06,NVDA,179.97500610351562,-0.45,0.56,BEAR,HOLD,,NO
2026-01-20 16:25:06,AMD,237.6800994873047,-0.60,0.64,BEAR,HOLD,,NO
2026-01-20 16:26:07,NVDA,179.9250030517578,-0.49,0.82,BEAR,HOLD,,NO
2026-01-20 16:26:07,AMD,237.64999389648438,-0.62,0.71,BEAR,HOLD,,NO
2026-01-20 16:27:07,NVDA,179.92999267578125,-0.48,0.90,BEAR,HOLD,,NO
2026-01-20 16:27:07,AMD,237.89999389648438,-0.44,0.76,BEAR,HOLD,,NO
2026-01-20 16:28:08,NVDA,180.04330444335938,-0.40,1.00,BEAR,HOLD,,NO
2026-01-20 16:28:08,AMD,237.64129638671875,-0.63,0.81,BEAR,HOLD,,NO
2026-01-20 16:29:08,NVDA,180.2949981689453,-0.22,1.06,BEAR,HOLD,,NO
2026-01-20 16:29:09,AMD,238.23680114746094,-0.20,0.87,BEAR,HOLD,,NO
2026-01-20 16:30:09,NVDA,180.31500244140625,0.28,0.00,BEAR,HOLD,,NO
2026-01-20 16:30:09,AMD,238.27499389648438,-0.33,0.00,BEAR,HOLD,,NO
2026-01-20 16:31:09,NVDA,179.9949951171875,0.05,0.07,BEAR,HOLD,,NO
2026-01-20 16:31:10,AMD,237.89500427246094,-0.60,0.04,BEAR,HOLD,,NO
2026-01-20 16:32:10,NVDA,180.06419372558594,0.10,0.14,BEAR,HOLD,,NO
2026-01-20 16:32:10,AMD,238.35670471191406,-0.27,0.10,BEAR,HOLD,,NO
2026-01-20 16:33:11,NVDA,180.1649932861328,0.17,0.20,BEAR,HOLD,,NO
2026-01-20 16:33:11,AMD,238.625,-0.07,0.17,BEAR,HOLD,,NO
2026-01-20 16:34:12,NVDA,180.22999572753906,0.22,0.25,BEAR,HOLD,,NO
2026-01-20 16:34:12,AMD,238.6562042236328,-0.05,0.26,BEAR,HOLD,,NO
2026-01-20 16:35:12,NVDA,180.41009521484375,0.35,0.30,BEAR,HOLD,,NO
2026-01-20 16:35:12,AMD,238.5,-0.16,0.32,BEAR,HOLD,,NO
2026-01-20 16:36:13,NVDA,180.14999389648438,0.16,0.37,BEAR,HOLD,,NO
2026-01-20 16:36:13,AMD,238.4501953125,-0.20,0.37,BEAR,HOLD,,NO
2026-01-20 16:37:13,NVDA,180.1750030517578,0.18,0.44,BEAR,HOLD,,NO
2026-01-20 16:37:13,AMD,238.9199981689453,0.15,0.40,BEAR,HOLD,,NO
2026-01-20 16:38:14,NVDA,180.25,0.23,0.48,BEAR,HOLD,,NO
2026-01-20 16:38:14,AMD,239.32000732421875,0.44,0.52,BEAR,HOLD,,NO
2026-01-20 16:39:14,NVDA,180.16000366210938,0.17,0.52,BEAR,HOLD,,NO
2026-01-20 16:39:15,AMD,239.25999450683594,0.40,0.60,BEAR,HOLD,,NO
2026-01-20 16:40:15,NVDA,180.13499450683594,0.15,0.57,BEAR,HOLD,,NO
2026-01-20 16:40:15,AMD,239.22999572753906,0.38,0.65,BEAR,HOLD,,NO
2026-01-20 16:41:16,NVDA,179.9600067138672,0.02,0.60,BEAR,HOLD,,NO
2026-01-20 16:41:16,AMD,239.1999969482422,0.35,0.70,BEAR,HOLD,,NO
2026-01-20 16:42:16,NVDA,179.73500061035156,-0.14,0.74,BEAR,HOLD,,NO
2026-01-20 16:42:16,AMD,239.10000610351562,0.28,0.76,BEAR,HOLD,,NO
2026-01-20 16:43:17,NVDA,179.70010375976562,-0.17,0.81,BEAR,HOLD,,NO
2026-01-20 16:43:17,AMD,238.52000427246094,-0.15,0.82,BEAR,HOLD,,NO
2026-01-20 16:44:17,NVDA,179.8000946044922,-0.09,0.86,BEAR,HOLD,,NO
2026-01-20 16:44:18,AMD,238.47999572753906,-0.18,0.89,BEAR,HOLD,,NO
2026-01-20 16:45:18,NVDA,179.72999572753906,0.32,0.00,BEAR,HOLD,,NO
2026-01-20 16:45:18,AMD,238.24710083007812,-0.33,0.00,BEAR,HOLD,,NO
2026-01-20 16:46:19,NVDA,179.72500610351562,0.32,0.07,BEAR,HOLD,,NO
2026-01-20 16:46:19,AMD,238.50999450683594,-0.14,0.07,BEAR,HOLD,,NO
2026-01-20 16:47:19,NVDA,179.7200927734375,0.32,0.12,BEAR,HOLD,,NO
2026-01-20 16:47:20,AMD,238.5749969482422,-0.09,0.11,BEAR,HOLD,,NO
2026-01-20 16:48:20,NVDA,179.7700958251953,0.35,0.20,BEAR,HOLD,,NO
2026-01-20 16:48:20,AMD,238.2100067138672,-0.36,0.16,BEAR,HOLD,,NO
2026-01-20 16:49:20,NVDA,179.8350067138672,0.40,0.26,BEAR,HOLD,,NO
2026-01-20 16:49:21,AMD,238.47000122070312,-0.17,0.21,BEAR,HOLD,,NO
2026-01-20 16:50:21,NVDA,179.90370178222656,0.45,0.30,BEAR,HOLD,,NO
2026-01-20 16:50:21,AMD,238.49000549316406,-0.15,0.24,BEAR,HOLD,,NO
2026-01-20 16:51:22,NVDA,180.03500366210938,0.54,0.35,BEAR,HOLD,,NO
2026-01-20 16:51:22,AMD,238.50950622558594,-0.14,0.29,BEAR,HOLD,,NO
2026-01-20 16:52:22,NVDA,179.69500732421875,0.30,0.43,BEAR,HOLD,,NO
2026-01-20 16:52:23,AMD,238.08340454101562,-0.45,0.33,BEAR,HOLD,,NO
2026-01-20 16:53:23,NVDA,179.57000732421875,0.21,0.49,BEAR,HOLD,,NO
2026-01-20 16:53:23,AMD,237.75999450683594,-0.68,0.39,BEAR,HOLD,,NO
2026-01-20 16:54:23,NVDA,179.63999938964844,0.26,0.57,BEAR,HOLD,,NO
2026-01-20 16:54:24,AMD,237.822998046875,-0.64,0.43,BEAR,HOLD,,NO
2026-01-20 16:55:24,NVDA,179.75,0.34,0.62,BEAR,HOLD,,NO
2026-01-20 16:55:24,AMD,237.7949981689453,-0.66,0.47,BEAR,HOLD,,NO
2026-01-20 16:56:24,NVDA,179.94500732421875,0.48,0.68,BEAR,HOLD,,NO
2026-01-20 16:56:25,AMD,238.0395050048828,-0.48,0.52,BEAR,HOLD,,NO
2026-01-20 16:57:25,NVDA,180.02749633789062,0.54,0.75,BEAR,HOLD,,NO
2026-01-20 16:57:25,AMD,238.625,-0.05,0.57,BEAR,HOLD,,NO
2026-01-20 16:58:26,NVDA,180.07000732421875,0.57,0.79,BEAR,HOLD,,NO
2026-01-20 16:58:26,AMD,238.8699951171875,0.13,0.63,BEAR,HOLD,,NO
2026-01-20 16:59:26,NVDA,180.07000732421875,0.57,0.83,BEAR,HOLD,,NO
2026-01-20 16:59:26,AMD,238.91000366210938,0.16,0.71,BEAR,HOLD,,NO
2026-01-20 17:00:27,NVDA,180.0,0.25,0.00,BEAR,HOLD,,NO
2026-01-20 17:00:27,AMD,238.41000366210938,-0.56,0.00,BEAR,HOLD,,NO
2026-01-20 17:01:27,NVDA,180.02999877929688,0.27,0.06,BEAR,HOLD,,NO
2026-01-20 17:01:28,AMD,238.25,-0.68,0.07,BEAR,HOLD,,NO
2026-01-20 17:02:28,NVDA,180.01499938964844,0.26,0.11,BEAR,HOLD,,NO
2026-01-20 17:02:28,AMD,237.97999572753906,-0.87,0.12,BEAR,HOLD,,NO
2026-01-20 17:03:29,NVDA,180.04010009765625,0.28,0.13,BEAR,HOLD,,NO
2026-01-20 17:03:29,AMD,238.0800018310547,-0.80,0.15,BEAR,HOLD,,NO
2026-01-20 17:04:29,NVDA,180.07000732421875,0.30,0.17,BEAR,HOLD,,NO
2026-01-20 17:04:29,AMD,238.1199951171875,-0.77,0.18,BEAR,HOLD,,NO
2026-01-20 17:05:30,NVDA,180.0500030517578,0.28,0.21,BEAR,HOLD,,NO
2026-01-20 17:05:30,AMD,238.18499755859375,-0.72,0.22,BEAR,HOLD,,NO
2026-01-20 17:06:30,NVDA,179.99000549316406,0.24,0.27,BEAR,HOLD,,NO
2026-01-20 17:06:31,AMD,238.2698974609375,-0.66,0.24,BEAR,HOLD,,NO
2026-01-20 17:07:31,NVDA,179.9311981201172,0.20,0.32,BEAR,HOLD,,NO
2026-01-20 17:07:31,AMD,238.47000122070312,-0.52,0.26,BEAR,HOLD,,NO
2026-01-20 17:08:32,NVDA,179.80499267578125,0.11,0.36,BEAR,HOLD,,NO
2026-01-20 17:08:32,AMD,238.1575927734375,-0.74,0.29,BEAR,HOLD,,NO
2026-01-20 17:09:32,NVDA,179.75999450683594,0.07,0.44,BEAR,HOLD,,NO
2026-01-20 17:09:33,AMD,237.5500030517578,-1.16,0.32,BEAR,HOLD,,NO
2026-01-20 17:10:33,NVDA,179.77000427246094,0.08,0.49,BEAR,HOLD,,NO
2026-01-20 17:10:33,AMD,236.89999389648438,-1.57,0.38,BEAR,HOLD,,NO
2026-01-20 17:11:33,NVDA,179.82000732421875,0.12,0.55,BEAR,HOLD,,NO
2026-01-20 17:11:34,AMD,236.91000366210938,-1.57,0.47,BEAR,HOLD,,NO
2026-01-20 17:12:34,NVDA,179.714599609375,0.04,0.60,BEAR,HOLD,,NO
2026-01-20 17:12:34,AMD,237.10989379882812,-1.45,0.53,BEAR,HOLD,,NO
2026-01-20 17:13:35,NVDA,179.85000610351562,0.14,0.63,BEAR,HOLD,,NO
2026-01-20 17:13:35,AMD,237.08999633789062,-1.46,0.57,BEAR,HOLD,,NO
2026-01-20 17:14:35,NVDA,179.7696990966797,0.08,0.67,BEAR,HOLD,,NO
2026-01-20 17:14:35,AMD,236.77999877929688,-1.65,0.60,BEAR,HOLD,,NO
2026-01-20 17:15:36,NVDA,179.85499572753906,0.33,0.00,BEAR,HOLD,,NO
2026-01-20 17:15:36,AMD,236.82989501953125,-0.12,0.00,BEAR,HOLD,,NO
2026-01-20 17:16:36,NVDA,179.80999755859375,0.30,0.03,BEAR,HOLD,,NO
2026-01-20 17:16:37,AMD,236.5,-0.35,0.04,BEAR,HOLD,,NO
2026-01-20 17:17:37,NVDA,179.77999877929688,0.28,0.07,BEAR,HOLD,,NO
2026-01-20 17:17:37,AMD,236.3699951171875,-0.43,0.09,BEAR,HOLD,,NO
2026-01-20 17:18:37,NVDA,179.7299041748047,0.24,0.10,BEAR,HOLD,,NO
2026-01-20 17:18:38,AMD,236.1699981689453,-0.57,0.15,BEAR,HOLD,,NO
2026-01-20 17:19:38,NVDA,179.77000427246094,0.27,0.14,BEAR,HOLD,,NO
2026-01-20 17:19:39,AMD,236.32000732421875,-0.47,0.20,BEAR,HOLD,,NO
2026-01-20 17:20:39,NVDA,179.7100067138672,0.23,0.17,BEAR,HOLD,,NO
2026-01-20 17:20:39,AMD,236.1999969482422,-0.55,0.24,BEAR,HOLD,,NO
2026-01-20 17:21:40,NVDA,179.67999267578125,0.20,0.22,BEAR,HOLD,,NO
2026-01-20 17:21:40,AMD,236.10499572753906,-0.61,0.29,BEAR,HOLD,,NO
2026-01-20 17:22:40,NVDA,179.7050018310547,0.22,0.26,BEAR,HOLD,,NO
2026-01-20 17:22:40,AMD,236.27499389648438,-0.50,0.32,BEAR,HOLD,,NO
2026-01-20 17:23:41,NVDA,179.8699951171875,0.34,0.32,BEAR,HOLD,,NO
2026-01-20 17:23:41,AMD,236.42999267578125,-0.39,0.36,BEAR,HOLD,,NO
2026-01-20 17:24:42,NVDA,179.9600067138672,0.41,0.39,BEAR,HOLD,,NO
2026-01-20 17:24:42,AMD,236.59210205078125,-0.28,0.44,BEAR,HOLD,,NO
2026-01-20 17:25:42,NVDA,180.18499755859375,0.57,0.45,BEAR,HOLD,,NO
2026-01-20 17:25:42,AMD,236.7899932861328,-0.15,0.47,BEAR,HOLD,,NO
2026-01-20 17:26:43,NVDA,180.05999755859375,0.48,0.61,BEAR,HOLD,,NO
2026-01-20 17:26:43,AMD,236.2899932861328,-0.49,0.51,BEAR,HOLD,,NO
2026-01-20 17:27:43,NVDA,180.11000061035156,0.51,0.66,BEAR,HOLD,,NO
2026-01-20 17:27:44,AMD,236.08999633789062,-0.62,0.55,BEAR,HOLD,,NO
2026-01-20 17:28:44,NVDA,180.0050048828125,0.44,0.69,BEAR,HOLD,,NO
2026-01-20 17:28:44,AMD,236.3199005126953,-0.47,0.58,BEAR,HOLD,,NO
2026-01-20 17:29:44,NVDA,180.01499938964844,0.45,0.74,BEAR,HOLD,,NO
2026-01-20 17:29:45,AMD,236.1470947265625,-0.59,0.60,BEAR,HOLD,,NO
2026-01-20 17:30:45,NVDA,179.81500244140625,0.15,0.00,BEAR,HOLD,,NO
2026-01-20 17:30:45,AMD,236.14500427246094,-0.15,0.00,BEAR,HOLD,,NO
2026-01-20 17:31:46,NVDA,179.71009826660156,0.07,0.06,BEAR,HOLD,,NO
2026-01-20 17:31:46,AMD,235.889892578125,-0.33,0.05,BEAR,HOLD,,NO
2026-01-20 17:32:46,NVDA,179.7200927734375,0.08,0.10,BEAR,HOLD,,NO
2026-01-20 17:32:47,AMD,235.8249969482422,-0.37,0.09,BEAR,HOLD,,NO
2026-01-20 17:33:47,NVDA,179.7050018310547,0.07,0.14,BEAR,HOLD,,NO
2026-01-20 17:33:47,AMD,235.7010955810547,-0.45,0.11,BEAR,HOLD,,NO
2026-01-20 17:34:47,NVDA,179.7550048828125,0.10,0.17,BEAR,HOLD,,NO
2026-01-20 17:34:48,AMD,235.72000122070312,-0.44,0.14,BEAR,HOLD,,NO
2026-01-20 17:35:48,NVDA,179.72000122070312,0.08,0.20,BEAR,HOLD,,NO
2026-01-20 17:35:48,AMD,235.5399932861328,-0.56,0.17,BEAR,HOLD,,NO
2026-01-20 17:36:49,NVDA,179.72999572753906,0.09,0.23,BEAR,HOLD,,NO
2026-01-20 17:36:49,AMD,235.5749969482422,-0.54,0.22,BEAR,HOLD,,NO
2026-01-20 17:37:49,NVDA,179.6999969482422,0.06,0.25,BEAR,HOLD,,NO
2026-01-20 17:37:50,AMD,235.60000610351562,-0.52,0.25,BEAR,HOLD,,NO
2026-01-20 17:38:50,NVDA,179.86000061035156,0.18,0.30,BEAR,HOLD,,NO
2026-01-20 17:38:50,AMD,236.1199951171875,-0.17,0.27,BEAR,HOLD,,NO
2026-01-20 17:39:51,NVDA,179.65499877929688,0.03,0.34,BEAR,HOLD,,NO
2026-01-20 17:39:51,AMD,235.6219940185547,-0.51,0.33,BEAR,HOLD,,NO
2026-01-20 17:40:51,NVDA,179.74989318847656,0.10,0.38,BEAR,HOLD,,NO
2026-01-20 17:40:51,AMD,235.78500366210938,-0.40,0.36,BEAR,HOLD,,NO
2026-01-20 17:41:52,NVDA,179.63999938964844,0.02,0.41,BEAR,HOLD,,NO
2026-01-20 17:41:52,AMD,235.63499450683594,-0.50,0.39,BEAR,HOLD,,NO
2026-01-20 17:42:52,NVDA,179.4499053955078,-0.12,0.45,BEAR,HOLD,,NO
2026-01-20 17:42:52,AMD,235.49000549316406,-0.60,0.41,BEAR,HOLD,,NO
2026-01-20 17:43:53,NVDA,179.5,-0.08,0.59,BEAR,HOLD,,NO
2026-01-20 17:43:53,AMD,235.55499267578125,-0.55,0.45,BEAR,HOLD,,NO
2026-01-20 17:44:53,NVDA,179.51499938964844,-0.07,0.64,BEAR,HOLD,,NO
2026-01-20 17:44:54,AMD,235.52999877929688,-0.57,0.49,BEAR,HOLD,,NO
2026-01-20 17:45:54,NVDA,179.47500610351562,0.29,0.00,BEAR,HOLD,,NO
2026-01-20 17:45:54,AMD,235.1199951171875,-0.43,0.00,BEAR,HOLD,,NO
2026-01-20 17:46:54,NVDA,179.53990173339844,0.34,0.06,BEAR,HOLD,,NO
2026-01-20 17:46:55,AMD,234.8699951171875,-0.60,0.07,BEAR,HOLD,,NO
2026-01-20 17:47:55,NVDA,179.55999755859375,0.35,0.10,BEAR,HOLD,,NO
2026-01-20 17:47:55,AMD,235.02000427246094,-0.50,0.13,BEAR,HOLD,,NO
2026-01-20 17:48:56,NVDA,179.41000366210938,0.24,0.14,BEAR,HOLD,,NO
2026-01-20 17:48:56,AMD,234.80999755859375,-0.64,0.15,BEAR,HOLD,,NO
2026-01-20 17:49:56,NVDA,179.4600067138672,0.28,0.20,BEAR,HOLD,,NO
2026-01-20 17:49:57,AMD,234.85499572753906,-0.61,0.20,BEAR,HOLD,,NO
2026-01-20 17:50:57,NVDA,179.54989624023438,0.35,0.25,BEAR,HOLD,,NO
2026-01-20 17:50:57,AMD,234.89700317382812,-0.58,0.24,BEAR,HOLD,,NO
2026-01-20 17:51:57,NVDA,179.35989379882812,0.21,0.29,BEAR,HOLD,,NO
2026-01-20 17:51:58,AMD,234.75999450683594,-0.67,0.28,BEAR,HOLD,,NO
2026-01-20 17:52:58,NVDA,179.50999450683594,0.32,0.34,BEAR,HOLD,,NO
2026-01-20 17:52:58,AMD,234.99000549316406,-0.52,0.31,BEAR,HOLD,,NO
2026-01-20 17:53:59,NVDA,179.5,0.31,0.38,BEAR,HOLD,,NO
2026-01-20 17:53:59,AMD,235.02000427246094,-0.50,0.35,BEAR,HOLD,,NO
2026-01-20 17:54:59,NVDA,179.5919952392578,0.38,0.41,BEAR,HOLD,,NO
2026-01-20 17:55:00,AMD,235.30499267578125,-0.31,0.40,BEAR,HOLD,,NO
2026-01-20 17:56:00,NVDA,179.63999938964844,0.41,0.44,BEAR,HOLD,,NO
2026-01-20 17:56:00,AMD,234.90499877929688,-0.58,0.43,BEAR,HOLD,,NO
2026-01-20 17:57:00,NVDA,179.82200622558594,0.54,0.47,BEAR,HOLD,,NO
2026-01-20 17:57:01,AMD,235.36990356445312,-0.26,0.51,BEAR,HOLD,,NO
2026-01-20 17:58:01,NVDA,179.76730346679688,0.50,0.53,BEAR,HOLD,,NO
2026-01-20 17:58:01,AMD,235.31219482421875,-0.30,0.53,BEAR,HOLD,,NO
2026-01-20 17:59:01,NVDA,179.74000549316406,0.48,0.56,BEAR,HOLD,,NO
2026-01-20 17:59:02,AMD,235.0500030517578,-0.48,0.53,BEAR,HOLD,,NO
2026-01-20 18:00:02,NVDA,179.8249969482422,0.32,0.00,BEAR,HOLD,,NO
2026-01-20 18:00:02,AMD,235.07000732421875,-0.10,0.00,BEAR,HOLD,,NO
2026-01-20 18:01:03,NVDA,179.8249969482422,0.32,0.03,BEAR,HOLD,,NO
2026-01-20 18:01:03,AMD,235.23989868164062,0.01,0.00,BEAR,HOLD,,NO
2026-01-20 18:02:03,NVDA,179.9499969482422,0.41,0.06,BEAR,HOLD,,NO
2026-01-20 18:02:04,AMD,235.5500030517578,0.22,0.06,BEAR,HOLD,,NO
2026-01-20 18:03:04,NVDA,180.00540161132812,0.45,0.10,BEAR,HOLD,,NO
2026-01-20 18:03:04,AMD,235.38999938964844,0.12,0.08,BEAR,HOLD,,NO
2026-01-20 18:04:05,NVDA,179.99270629882812,0.44,0.14,BEAR,HOLD,,NO
2026-01-20 18:04:05,AMD,235.1750030517578,-0.03,0.11,BEAR,HOLD,,NO
2026-01-20 18:05:05,NVDA,179.9398956298828,0.40,0.17,BEAR,HOLD,,NO
2026-01-20 18:05:05,AMD,235.25999450683594,0.03,0.13,BEAR,HOLD,,NO
2026-01-20 18:06:06,NVDA,179.88999938964844,0.37,0.20,BEAR,HOLD,,NO
2026-01-20 18:06:06,AMD,235.11000061035156,-0.08,0.15,BEAR,HOLD,,NO
2026-01-20 18:07:06,NVDA,179.83970642089844,0.33,0.23,BEAR,HOLD,,NO
2026-01-20 18:07:06,AMD,235.30999755859375,0.06,0.17,BEAR,HOLD,,NO
2026-01-20 18:08:07,NVDA,179.9149932861328,0.38,0.26,BEAR,HOLD,,NO
2026-01-20 18:08:07,AMD,235.48500061035156,0.18,0.19,BEAR,HOLD,,NO
2026-01-20 18:09:07,NVDA,179.92840576171875,0.39,0.29,BEAR,HOLD,,NO
2026-01-20 18:09:08,AMD,235.36000061035156,0.09,0.21,BEAR,HOLD,,NO
2026-01-20 18:10:08,NVDA,179.97999572753906,0.43,0.32,BEAR,HOLD,,NO
2026-01-20 18:10:08,AMD,235.51719665527344,0.20,0.23,BEAR,HOLD,,NO
2026-01-20 18:11:09,NVDA,180.03419494628906,0.47,0.35,BEAR,HOLD,,NO
2026-01-20 18:11:09,AMD,235.58999633789062,0.25,0.29,BEAR,HOLD,,NO
2026-01-20 18:12:09,NVDA,180.0050048828125,0.45,5.34,BEAR,HOLD,,NO
2026-01-20 18:12:11,AMD,235.35000610351562,0.09,0.31,BEAR,HOLD,,NO
2026-01-20 18:13:11,NVDA,179.80499267578125,0.30,5.34,BEAR,HOLD,,NO
2026-01-20 18:13:11,AMD,235.02999877929688,-0.13,0.35,BEAR,HOLD,,NO
2026-01-20 18:14:11,NVDA,179.91000366210938,0.38,5.36,BEAR,HOLD,,NO
2026-01-20 18:14:12,AMD,235.03089904785156,-0.13,0.37,BEAR,HOLD,,NO
2026-01-20 18:15:12,NVDA,179.91250610351562,0.28,0.00,BEAR,HOLD,,NO
2026-01-20 18:15:12,AMD,235.22000122070312,-0.16,0.00,BEAR,HOLD,,NO
2026-01-20 18:16:13,NVDA,179.87240600585938,0.25,0.02,BEAR,HOLD,,NO
2026-01-20 18:16:13,AMD,235.09500122070312,-0.25,0.02,BEAR,HOLD,,NO
2026-01-20 18:17:13,NVDA,179.875,0.25,0.03,BEAR,HOLD,,NO
2026-01-20 18:17:14,AMD,235.10850524902344,-0.24,0.03,BEAR,HOLD,,NO
2026-01-20 18:18:14,NVDA,179.8350067138672,0.23,0.05,BEAR,HOLD,,NO
2026-01-20 18:18:14,AMD,234.92489624023438,-0.36,0.05,BEAR,HOLD,,NO
2026-01-20 18:19:15,NVDA,179.72500610351562,0.15,0.07,BEAR,HOLD,,NO
2026-01-20 18:19:15,AMD,234.67999267578125,-0.53,0.08,BEAR,HOLD,,NO
2026-01-20 18:20:15,NVDA,179.63499450683594,0.08,0.09,BEAR,HOLD,,NO
2026-01-20 18:20:15,AMD,234.5399932861328,-0.62,0.12,BEAR,HOLD,,NO
2026-01-20 18:21:16,NVDA,179.73240661621094,0.15,0.12,BEAR,HOLD,,NO
2026-01-20 18:21:16,AMD,234.86000061035156,-0.41,0.15,BEAR,HOLD,,NO
2026-01-20 18:22:16,NVDA,179.69000244140625,0.12,0.13,BEAR,HOLD,,NO
2026-01-20 18:22:17,AMD,234.5968017578125,-0.58,0.17,BEAR,HOLD,,NO
2026-01-20 18:23:17,NVDA,179.64500427246094,0.09,0.15,BEAR,HOLD,,NO
2026-01-20 18:23:17,AMD,234.34759521484375,-0.75,0.22,BEAR,HOLD,,NO
2026-01-20 18:24:17,NVDA,179.63999938964844,0.08,0.18,BEAR,HOLD,,NO
2026-01-20 18:24:18,AMD,234.14999389648438,-0.87,0.25,BEAR,HOLD,,NO
2026-01-20 18:25:18,NVDA,179.7449951171875,0.16,0.20,BEAR,HOLD,,NO
2026-01-20 18:25:18,AMD,234.24620056152344,-0.81,0.28,BEAR,HOLD,,NO
2026-01-20 18:26:18,NVDA,179.77999877929688,0.19,0.22,BEAR,HOLD,,NO
2026-01-20 18:26:19,AMD,234.110107421875,-0.90,0.30,BEAR,HOLD,,NO
2026-01-20 18:27:19,NVDA,179.7449951171875,0.16,0.24,BEAR,HOLD,,NO
2026-01-20 18:27:19,AMD,233.9600067138672,-0.99,0.32,BEAR,HOLD,,NO
2026-01-20 18:28:20,NVDA,179.66749572753906,0.10,0.26,BEAR,HOLD,,NO
2026-01-20 18:28:20,AMD,233.8699951171875,-1.05,0.38,BEAR,HOLD,,NO
2026-01-20 18:29:20,NVDA,179.56959533691406,0.03,0.28,BEAR,HOLD,,NO
2026-01-20 18:29:21,AMD,233.72000122070312,-1.14,0.41,BEAR,HOLD,,NO
2026-01-20 18:30:21,NVDA,179.53500366210938,0.32,0.00,BEAR,HOLD,,NO
2026-01-20 18:30:21,AMD,233.5,-0.09,0.00,BEAR,HOLD,,NO
2026-01-20 18:31:22,NVDA,179.39999389648438,0.22,0.04,BEAR,HOLD,,NO
2026-01-20 18:31:22,AMD,233.4499969482422,-0.12,0.04,BEAR,HOLD,,NO
2026-01-20 18:32:22,NVDA,179.28990173339844,0.14,0.07,BEAR,HOLD,,NO
2026-01-20 18:32:22,AMD,233.3350067138672,-0.20,0.07,BEAR,HOLD,,NO
2026-01-20 18:33:23,NVDA,179.27000427246094,0.13,0.14,BEAR,HOLD,,NO
2026-01-20 18:33:23,AMD,233.17999267578125,-0.30,0.10,BEAR,HOLD,,NO
2026-01-20 18:34:23,NVDA,179.22999572753906,0.10,0.17,BEAR,HOLD,,NO
2026-01-20 18:34:23,AMD,232.99940490722656,-0.42,0.15,BEAR,HOLD,,NO
2026-01-20 18:35:24,NVDA,179.35000610351562,0.19,0.21,BEAR,HOLD,,NO
2026-01-20 18:35:24,AMD,233.11500549316406,-0.34,0.18,BEAR,HOLD,,NO
2026-01-20 18:36:24,NVDA,179.27000427246094,0.13,0.24,BEAR,HOLD,,NO
2026-01-20 18:36:24,AMD,232.99000549316406,-0.42,0.23,BEAR,HOLD,,NO
2026-01-20 18:37:25,NVDA,179.19500732421875,0.07,0.27,BEAR,HOLD,,NO
2026-01-20 18:37:25,AMD,232.43760681152344,-0.78,0.28,BEAR,HOLD,,NO
2026-01-20 18:38:25,NVDA,179.19500732421875,0.07,0.30,BEAR,HOLD,,NO
2026-01-20 18:38:26,AMD,232.66000366210938,-0.64,0.31,BEAR,HOLD,,NO
2026-01-20 18:39:26,NVDA,179.1800994873047,0.06,0.32,BEAR,HOLD,,NO
2026-01-20 18:39:26,AMD,232.52000427246094,-0.73,0.34,BEAR,HOLD,,NO
2026-01-20 18:40:26,NVDA,179.1199951171875,0.02,0.36,BEAR,HOLD,,NO
2026-01-20 18:40:27,AMD,232.40499877929688,-0.80,0.38,BEAR,HOLD,,NO
2026-01-20 18:41:27,NVDA,179.1649932861328,0.05,0.48,BEAR,HOLD,,NO
2026-01-20 18:41:27,AMD,232.38290405273438,-0.81,0.41,BEAR,HOLD,,NO
2026-01-20 18:42:28,NVDA,179.3000030517578,0.15,0.51,BEAR,HOLD,,NO
2026-01-20 18:42:28,AMD,232.53709411621094,-0.71,0.44,BEAR,HOLD,,NO
2026-01-20 18:43:28,NVDA,179.30999755859375,0.16,0.54,BEAR,HOLD,,NO
2026-01-20 18:43:28,AMD,232.35499572753906,-0.83,0.47,BEAR,HOLD,,NO
2026-01-20 18:44:29,NVDA,179.2698974609375,0.13,0.56,BEAR,HOLD,,NO
2026-01-20 18:44:29,AMD,232.21499633789062,-0.92,0.51,BEAR,HOLD,,NO
2026-01-20 18:45:29,NVDA,179.22000122070312,0.29,0.00,BEAR,HOLD,,NO
2026-01-20 18:45:30,AMD,232.16000366210938,-0.01,0.00,BEAR,HOLD,,NO
2026-01-20 18:46:30,NVDA,179.25999450683594,0.32,0.03,BEAR,HOLD,,NO
2026-01-20 18:46:30,AMD,232.27999877929688,0.07,0.02,BEAR,HOLD,,NO
2026-01-20 18:47:30,NVDA,179.27999877929688,0.33,0.05,BEAR,HOLD,,NO
2026-01-20 18:47:31,AMD,232.15859985351562,-0.01,0.05,BEAR,HOLD,,NO
2026-01-20 18:48:31,NVDA,179.31500244140625,0.36,0.08,BEAR,HOLD,,NO
2026-01-20 18:48:32,AMD,232.07009887695312,-0.06,0.07,BEAR,HOLD,,NO
2026-01-20 18:49:33,NVDA,179.4199981689453,0.43,0.11,BEAR,HOLD,,NO
2026-01-20 18:49:33,AMD,231.89999389648438,-0.18,0.11,BEAR,HOLD,,NO
2026-01-20 18:50:33,NVDA,179.26499938964844,0.32,0.14,BEAR,HOLD,,NO
2026-01-20 18:50:34,AMD,231.46499633789062,-0.46,0.17,BEAR,HOLD,,NO
2026-01-20 18:51:34,NVDA,179.4949951171875,0.49,0.18,BEAR,HOLD,,NO
2026-01-20 18:51:34,AMD,231.74000549316406,-0.28,0.23,BEAR,HOLD,,NO
2026-01-20 18:52:34,NVDA,179.17999267578125,0.26,0.21,BEAR,HOLD,,NO
2026-01-20 18:52:35,AMD,231.44000244140625,-0.47,0.27,BEAR,HOLD,,NO
2026-01-20 18:53:35,NVDA,179.2050018310547,0.28,0.24,BEAR,HOLD,,NO
2026-01-20 18:53:35,AMD,231.4499969482422,-0.47,4.82,BEAR,HOLD,,NO
2026-01-20 18:54:36,NVDA,179.1800994873047,0.26,0.26,BEAR,HOLD,,NO
2026-01-20 18:54:36,AMD,231.34500122070312,-0.53,4.82,BEAR,HOLD,,NO
2026-01-20 18:55:36,NVDA,179.34500122070312,0.38,0.29,BEAR,HOLD,,NO
2026-01-20 18:55:36,AMD,231.66270446777344,-0.33,4.84,BEAR,HOLD,,NO
2026-01-20 18:56:37,NVDA,179.63670349121094,0.59,0.32,BEAR,HOLD,,NO
2026-01-20 18:56:37,AMD,232.16000366210938,-0.01,4.88,BEAR,HOLD,,NO
2026-01-20 18:57:37,NVDA,179.69020080566406,0.62,0.35,BEAR,HOLD,,NO
2026-01-20 18:57:38,AMD,232.24000549316406,0.05,4.91,BEAR,HOLD,,NO
2026-01-20 18:58:38,NVDA,179.6750030517578,0.61,0.39,BEAR,HOLD,,NO
2026-01-20 18:58:38,AMD,232.11500549316406,-0.04,4.93,BEAR,HOLD,,NO
2026-01-20 18:59:39,NVDA,179.72999572753906,0.65,0.41,BEAR,HOLD,,NO
2026-01-20 18:59:39,AMD,231.9199981689453,-0.16,4.94,BEAR,HOLD,,NO
2026-01-20 19:00:39,NVDA,179.88499450683594,0.39,0.00,BEAR,HOLD,,NO
2026-01-20 19:00:39,AMD,232.32150268554688,0.25,0.00,BEAR,HOLD,,NO
2026-01-20 19:01:40,NVDA,179.86500549316406,0.38,0.04,BEAR,HOLD,,NO
2026-01-20 19:01:40,AMD,232.22999572753906,0.19,0.04,BEAR,HOLD,,NO
2026-01-20 19:02:40,NVDA,179.84500122070312,0.36,0.06,BEAR,HOLD,,NO
2026-01-20 19:02:41,AMD,232.25999450683594,0.21,0.06,BEAR,HOLD,,NO
2026-01-20 19:03:41,NVDA,179.7899932861328,0.32,0.08,BEAR,HOLD,,NO
2026-01-20 19:03:41,AMD,231.92999267578125,-0.01,0.08,BEAR,HOLD,,NO
2026-01-20 19:04:42,NVDA,179.84500122070312,0.36,0.11,BEAR,HOLD,,NO
2026-01-20 19:04:42,AMD,232.25,0.20,0.10,BEAR,HOLD,,NO
2026-01-20 19:05:42,NVDA,179.88499450683594,0.39,0.13,BEAR,HOLD,,NO
2026-01-20 19:05:42,AMD,232.0800018310547,0.09,0.12,BEAR,HOLD,,NO
2026-01-20 19:06:43,NVDA,179.9398956298828,0.43,0.15,BEAR,HOLD,,NO
2026-01-20 19:06:43,AMD,232.17999267578125,0.16,0.14,BEAR,HOLD,,NO
2026-01-20 19:07:43,NVDA,179.74000549316406,0.29,0.18,BEAR,HOLD,,NO
2026-01-20 19:07:44,AMD,232.0500030517578,0.07,0.16,BEAR,HOLD,,NO
2026-01-20 19:08:44,NVDA,179.86000061035156,0.37,0.21,BEAR,HOLD,,NO
2026-01-20 19:08:44,AMD,232.0,0.04,0.17,BEAR,HOLD,,NO
2026-01-20 19:09:44,NVDA,179.7288055419922,0.28,0.23,BEAR,HOLD,,NO
2026-01-20 19:09:45,AMD,231.50999450683594,-0.28,0.19,BEAR,HOLD,,NO
2026-01-20 19:10:45,NVDA,179.7550048828125,0.30,0.25,BEAR,HOLD,,NO
2026-01-20 19:10:45,AMD,231.77000427246094,-0.11,0.22,BEAR,HOLD,,NO
2026-01-20 19:11:46,NVDA,179.60000610351562,0.19,0.27,BEAR,HOLD,,NO
2026-01-20 19:11:46,AMD,231.55499267578125,-0.25,0.24,BEAR,HOLD,,NO
2026-01-20 19:12:46,NVDA,179.6179962158203,0.20,0.30,BEAR,HOLD,,NO
2026-01-20 19:12:47,AMD,231.45010375976562,-0.32,0.25,BEAR,HOLD,,NO
2026-01-20 19:13:47,NVDA,179.56460571289062,0.16,0.31,BEAR,HOLD,,NO
2026-01-20 19:13:47,AMD,231.3800048828125,-0.36,0.27,BEAR,HOLD,,NO
2026-01-20 19:14:47,NVDA,179.5749969482422,0.17,0.33,BEAR,HOLD,,NO
2026-01-20 19:14:48,AMD,231.6300048828125,-0.20,0.30,BEAR,HOLD,,NO
2026-01-20 19:15:48,NVDA,179.47500610351562,0.21,0.00,BEAR,HOLD,,NO
2026-01-20 19:15:48,AMD,231.2949981689453,-0.17,0.00,BEAR,HOLD,,NO
2026-01-20 19:16:49,NVDA,179.50999450683594,0.23,0.02,BEAR,HOLD,,NO
2026-01-20 19:16:49,AMD,231.38999938964844,-0.11,0.03,BEAR,HOLD,,NO
2026-01-20 19:17:49,NVDA,179.4492950439453,0.19,0.04,BEAR,HOLD,,NO
2026-01-20 19:17:50,AMD,231.4199981689453,-0.09,0.04,BEAR,HOLD,,NO
2026-01-20 19:18:50,NVDA,179.32449340820312,0.10,0.06,BEAR,HOLD,,NO
2026-01-20 19:18:50,AMD,231.27499389648438,-0.18,0.07,BEAR,HOLD,,NO
2026-01-20 19:19:50,NVDA,179.4550018310547,0.19,0.08,BEAR,HOLD,,NO
2026-01-20 19:19:51,AMD,231.54080200195312,-0.01,0.11,BEAR,HOLD,,NO
2026-01-20 19:20:51,NVDA,179.39990234375,0.15,0.10,BEAR,HOLD,,NO
2026-01-20 19:20:51,AMD,231.3699951171875,-0.12,0.13,BEAR,HOLD,,NO
2026-01-20 19:21:51,NVDA,179.38999938964844,0.14,0.12,BEAR,HOLD,,NO
2026-01-20 19:21:52,AMD,231.52999877929688,-0.02,0.14,BEAR,HOLD,,NO
2026-01-20 19:22:52,NVDA,179.3699951171875,0.13,0.14,BEAR,HOLD,,NO
2026-01-20 19:22:52,AMD,231.39999389648438,-0.10,0.17,BEAR,HOLD,,NO
2026-01-20 19:23:53,NVDA,179.49000549316406,0.22,0.16,BEAR,HOLD,,NO
2026-01-20 19:23:53,AMD,231.40939331054688,-0.10,0.19,BEAR,HOLD,,NO
2026-01-20 19:24:53,NVDA,179.42999267578125,0.17,0.19,BEAR,HOLD,,NO
2026-01-20 19:24:53,AMD,231.3699951171875,-0.12,0.21,BEAR,HOLD,,NO
2026-01-20 19:25:54,NVDA,179.25999450683594,0.05,0.21,BEAR,HOLD,,NO
2026-01-20 19:25:54,AMD,231.30999755859375,-0.16,0.23,BEAR,HOLD,,NO
2026-01-20 19:26:55,NVDA,179.27999877929688,0.06,0.24,BEAR,HOLD,,NO
2026-01-20 19:26:55,AMD,231.3800048828125,-0.11,0.25,BEAR,HOLD,,NO
2026-01-20 19:27:55,NVDA,179.23500061035156,0.03,0.26,BEAR,HOLD,,NO
2026-01-20 19:27:55,AMD,231.24000549316406,-0.21,0.27,BEAR,HOLD,,NO
2026-01-20 19:28:56,NVDA,179.25999450683594,0.05,0.28,BEAR,HOLD,,NO
2026-01-20 19:28:56,AMD,231.28500366210938,-0.18,0.29,BEAR,HOLD,,NO
2026-01-20 19:29:56,NVDA,179.41000366210938,0.16,0.29,BEAR,HOLD,,NO
2026-01-20 19:29:57,AMD,231.4969940185547,-0.04,0.30,BEAR,HOLD,,NO
2026-01-20 19:30:57,NVDA,179.33999633789062,-0.06,0.00,BEAR,HOLD,,NO
2026-01-20 19:30:57,AMD,231.3800048828125,-0.23,0.00,BEAR,HOLD,,NO
2026-01-20 19:31:57,NVDA,179.27000427246094,-0.19,0.03,BEAR,HOLD,,NO
2026-01-20 19:31:58,AMD,231.14999389648438,-0.39,0.02,BEAR,HOLD,,NO
2026-01-20 19:32:58,NVDA,179.2700958251953,-0.19,0.07,BEAR,HOLD,,NO
2026-01-20 19:32:58,AMD,230.9199981689453,-0.54,4.50,BEAR,HOLD,,NO
2026-01-20 19:33:59,NVDA,179.19949340820312,-0.33,0.10,BEAR,HOLD,,NO
2026-01-20 19:33:59,AMD,230.99000549316406,-0.50,4.53,BEAR,HOLD,,NO
2026-01-20 19:34:59,NVDA,179.19500732421875,-0.34,0.13,BEAR,HOLD,,NO
2026-01-20 19:34:59,AMD,231.01499938964844,-0.48,4.53,BEAR,HOLD,,NO
2026-01-20 19:36:00,NVDA,179.2993927001953,-0.14,0.15,BEAR,HOLD,,NO
2026-01-20 19:36:00,AMD,231.0,-0.49,4.56,BEAR,HOLD,,NO
2026-01-20 19:37:00,NVDA,179.28500366210938,-0.17,0.20,BEAR,HOLD,,NO
2026-01-20 19:37:01,AMD,231.0,-0.49,4.58,BEAR,HOLD,,NO
2026-01-20 19:38:01,NVDA,179.2949981689453,-0.15,0.23,BEAR,HOLD,,NO
2026-01-20 19:38:01,AMD,231.1300048828125,-0.40,4.58,BEAR,HOLD,,NO
2026-01-20 19:39:01,NVDA,179.47999572753906,0.21,0.26,BEAR,HOLD,,NO
2026-01-20 19:39:02,AMD,231.19000244140625,-0.36,4.61,BEAR,HOLD,,NO
2026-01-20 19:40:02,NVDA,179.47999572753906,0.21,0.29,BEAR,HOLD,,NO
2026-01-20 19:40:02,AMD,231.42999267578125,-0.19,4.63,BEAR,HOLD,,NO
2026-01-20 19:41:02,NVDA,179.5229949951172,0.30,0.31,BEAR,HOLD,,NO
2026-01-20 19:41:03,AMD,231.47000122070312,-0.16,4.64,BEAR,HOLD,,NO
2026-01-20 19:42:03,NVDA,179.52999877929688,0.31,0.34,BEAR,HOLD,,NO
2026-01-20 19:42:03,AMD,231.74000549316406,0.03,4.66,BEAR,HOLD,,NO
2026-01-20 19:43:04,NVDA,179.4149932861328,0.09,0.37,BEAR,HOLD,,NO
2026-01-20 19:43:04,AMD,231.547607421875,-0.11,4.67,BEAR,HOLD,,NO
2026-01-20 19:44:04,NVDA,179.4149932861328,0.09,0.40,BEAR,HOLD,,NO
2026-01-20 19:44:05,AMD,231.36289978027344,-0.24,7.47,BEAR,HOLD,,NO
2026-01-20 19:45:05,NVDA,179.36000061035156,0.03,0.00,BEAR,HOLD,,NO
2026-01-20 19:45:05,AMD,230.97999572753906,0.01,0.00,BEAR,HOLD,,NO
2026-01-20 19:46:05,NVDA,179.33999633789062,-0.01,0.04,BEAR,HOLD,,NO
2026-01-20 19:46:06,AMD,231.1345977783203,0.15,0.02,BEAR,HOLD,,NO
2026-01-20 19:47:06,NVDA,179.42999267578125,0.17,0.07,BEAR,HOLD,,NO
2026-01-20 19:47:06,AMD,231.5699005126953,0.55,0.03,BEAR,HOLD,,NO
2026-01-20 19:48:06,NVDA,179.38980102539062,0.09,0.09,BEAR,HOLD,,NO
2026-01-20 19:48:07,AMD,231.625,0.59,0.05,BEAR,HOLD,,NO
2026-01-20 19:49:07,NVDA,179.44000244140625,0.19,0.12,BEAR,HOLD,,NO
2026-01-20 19:49:07,AMD,231.66000366210938,0.63,0.07,BEAR,HOLD,,NO
2026-01-20 19:50:08,NVDA,179.42999267578125,0.17,0.14,BEAR,HOLD,,NO
2026-01-20 19:50:08,AMD,231.4499969482422,0.44,0.08,BEAR,HOLD,,NO
2026-01-20 19:51:08,NVDA,179.4250030517578,0.16,0.16,BEAR,HOLD,,NO
2026-01-20 19:51:09,AMD,231.70550537109375,0.67,0.09,BEAR,HOLD,,NO
2026-01-20 19:52:09,NVDA,179.4665069580078,0.25,0.18,BEAR,HOLD,,NO
2026-01-20 19:52:09,AMD,231.80499267578125,0.75,0.11,BEAR,HOLD,,NO
2026-01-20 19:53:09,NVDA,179.610107421875,0.54,0.21,BEAR,HOLD,,NO
2026-01-20 19:53:10,AMD,232.02999877929688,0.94,0.13,BEAR,HOLD,,NO
2026-01-20 19:54:10,NVDA,179.5749969482422,0.47,0.24,BEAR,HOLD,,NO
2026-01-20 19:54:10,AMD,231.92999267578125,0.86,0.15,BEAR,HOLD,,NO
2026-01-20 19:55:11,NVDA,179.52999877929688,0.38,0.26,BEAR,HOLD,,NO
2026-01-20 19:55:11,AMD,231.90350341796875,0.84,0.17,BEAR,HOLD,,NO
2026-01-20 19:56:11,NVDA,179.4499969482422,0.21,0.29,BEAR,HOLD,,NO
2026-01-20 19:56:11,AMD,231.5850067138672,0.56,0.19,BEAR,HOLD,,NO
2026-01-20 19:57:12,NVDA,179.4550018310547,0.22,0.32,BEAR,HOLD,,NO
2026-01-20 19:57:12,AMD,231.38999938964844,0.39,0.21,BEAR,HOLD,,NO
2026-01-20 19:58:12,NVDA,179.51499938964844,0.35,0.35,BEAR,HOLD,,NO
2026-01-20 19:58:13,AMD,231.5850067138672,0.56,0.23,BEAR,HOLD,,NO
2026-01-20 19:59:13,NVDA,179.53500366210938,0.39,0.37,BEAR,HOLD,,NO
2026-01-20 19:59:13,AMD,231.69009399414062,0.65,0.23,BEAR,HOLD,,NO
2026-01-20 20:00:13,NVDA,179.4965057373047,-0.10,0.00,BEAR,HOLD,,NO
2026-01-20 20:00:14,AMD,231.5800018310547,0.14,0.00,BEAR,HOLD,,NO
2026-01-20 20:01:14,NVDA,179.57000732421875,0.05,0.03,BEAR,HOLD,,NO
2026-01-20 20:01:14,AMD,231.55999755859375,0.12,0.02,BEAR,HOLD,,NO
2026-01-20 20:02:15,NVDA,179.50999450683594,-0.07,0.06,BEAR,HOLD,,NO
2026-01-20 20:02:15,AMD,231.6385040283203,0.19,0.03,BEAR,HOLD,,NO
2026-01-20 20:03:15,NVDA,179.51499938964844,-0.06,0.08,BEAR,HOLD,,NO
2026-01-20 20:03:16,AMD,231.75999450683594,0.31,0.05,BEAR,HOLD,,NO
2026-01-20 20:04:16,NVDA,179.47500610351562,-0.14,0.11,BEAR,HOLD,,NO
2026-01-20 20:04:16,AMD,231.75,0.30,0.06,BEAR,HOLD,,NO
2026-01-20 20:05:16,NVDA,179.38499450683594,-0.32,0.13,BEAR,HOLD,,NO
2026-01-20 20:05:16,AMD,231.61500549316406,0.17,0.07,BEAR,HOLD,,NO
2026-01-20 20:06:17,NVDA,179.33250427246094,-0.45,0.17,BEAR,HOLD,,NO
2026-01-20 20:06:17,AMD,231.74249267578125,0.29,0.09,BEAR,HOLD,,NO
2026-01-20 20:07:17,NVDA,179.32000732421875,-0.45,0.21,BEAR,HOLD,,NO
2026-01-20 20:07:18,AMD,231.73989868164062,0.29,0.11,BEAR,HOLD,,NO
2026-01-20 20:08:18,NVDA,179.25100708007812,-0.59,0.24,BEAR,HOLD,,NO
2026-01-20 20:08:18,AMD,231.4600067138672,0.02,0.13,BEAR,HOLD,,NO
2026-01-20 20:09:19,NVDA,179.19500732421875,-0.70,0.28,BEAR,HOLD,,NO
2026-01-20 20:09:19,AMD,231.32000732421875,-0.11,0.15,BEAR,HOLD,,NO
2026-01-20 20:10:19,NVDA,179.22000122070312,-0.65,0.30,BEAR,HOLD,,NO
2026-01-20 20:10:19,AMD,231.5749969482422,0.13,0.16,BEAR,HOLD,,NO
2026-01-20 20:11:20,NVDA,179.28500366210938,-0.52,0.34,BEAR,HOLD,,NO
2026-01-20 20:11:20,AMD,231.61000061035156,0.17,0.19,BEAR,HOLD,,NO
2026-01-20 20:12:20,NVDA,179.16000366210938,-0.77,0.38,BEAR,HOLD,,NO
2026-01-20 20:12:21,AMD,231.64999389648438,0.21,0.21,BEAR,HOLD,,NO
2026-01-20 20:13:21,NVDA,179.10000610351562,-0.88,0.41,BEAR,HOLD,,NO
2026-01-20 20:13:21,AMD,231.55999755859375,0.12,0.22,BEAR,HOLD,,NO
2026-01-20 20:14:21,NVDA,179.03500366210938,-1.01,0.46,BEAR,HOLD,,NO
2026-01-20 20:14:22,AMD,231.50999450683594,0.07,0.23,BEAR,HOLD,,NO
2026-01-20 20:15:22,NVDA,178.8300018310547,0.14,0.00,BEAR,HOLD,,NO
2026-01-20 20:15:22,AMD,231.05999755859375,0.26,0.00,BEAR,HOLD,,NO
2026-01-20 20:16:23,NVDA,178.82000732421875,0.12,0.06,BEAR,HOLD,,NO
2026-01-20 20:16:23,AMD,231.1820068359375,0.41,0.02,BEAR,HOLD,,NO
2026-01-20 20:17:23,NVDA,178.77999877929688,0.03,0.11,BEAR,HOLD,,NO
2026-01-20 20:17:24,AMD,231.2100067138672,0.45,0.04,BEAR,HOLD,,NO
2026-01-20 20:18:24,NVDA,178.8699951171875,0.22,0.16,BEAR,HOLD,,NO
2026-01-20 20:18:24,AMD,231.74000549316406,1.07,0.05,BEAR,HOLD,,NO
2026-01-20 20:19:25,NVDA,178.66000366210938,-0.22,0.22,BEAR,HOLD,,NO
2026-01-20 20:19:25,AMD,231.625,0.94,0.09,BEAR,HOLD,,NO
2026-01-20 20:20:25,NVDA,178.625,-0.29,0.28,BEAR,HOLD,,NO
2026-01-20 20:20:25,AMD,231.59129333496094,0.90,0.11,BEAR,HOLD,,NO
2026-01-20 20:21:26,NVDA,178.47799682617188,-0.59,0.36,BEAR,HOLD,,NO
2026-01-20 20:21:26,AMD,231.4199981689453,0.70,0.13,BEAR,HOLD,,NO
2026-01-20 20:22:26,NVDA,178.5,-0.55,0.41,BEAR,HOLD,,NO
2026-01-20 20:22:26,AMD,231.3363037109375,0.60,0.15,BEAR,HOLD,,NO
2026-01-20 20:23:27,NVDA,178.56500244140625,-0.42,0.46,BEAR,HOLD,,NO
2026-01-20 20:23:27,AMD,231.39999389648438,0.67,0.17,BEAR,HOLD,,NO
2026-01-20 20:24:27,NVDA,178.5175018310547,-0.51,0.51,BEAR,HOLD,,NO
2026-01-20 20:24:28,AMD,231.3000030517578,0.55,0.18,BEAR,HOLD,,NO
2026-01-20 20:25:28,NVDA,178.47999572753906,-0.59,0.56,BEAR,HOLD,,NO
2026-01-20 20:25:28,AMD,231.27000427246094,0.52,0.20,BEAR,HOLD,,NO
2026-01-20 20:26:28,NVDA,178.59500122070312,-0.35,0.60,BEAR,HOLD,,NO
2026-01-20 20:26:29,AMD,231.27000427246094,0.52,0.22,BEAR,HOLD,,NO
2026-01-20 20:27:29,NVDA,178.6649932861328,-0.21,0.66,BEAR,HOLD,,NO
2026-01-20 20:27:29,AMD,231.1999969482422,0.43,0.24,BEAR,HOLD,,NO
2026-01-20 20:28:29,NVDA,178.63999938964844,-0.26,0.71,BEAR,HOLD,,NO
2026-01-20 20:28:30,AMD,231.38999938964844,0.66,0.25,BEAR,HOLD,,NO
2026-01-20 20:29:30,NVDA,178.5800018310547,-0.38,0.76,BEAR,HOLD,,NO
2026-01-20 20:29:30,AMD,231.3300018310547,0.59,0.26,BEAR,HOLD,,NO
2026-01-20 20:30:31,NVDA,178.56629943847656,0.54,0.00,BEAR,HOLD,,NO
2026-01-20 20:30:31,AMD,231.64999389648438,0.86,0.00,BEAR,HOLD,,NO
2026-01-20 20:31:31,NVDA,178.67999267578125,0.79,0.04,BEAR,HOLD,,NO
2026-01-20 20:31:32,AMD,231.8000030517578,1.05,0.03,BEAR,HOLD,,NO
2026-01-20 20:32:32,NVDA,178.6649932861328,0.76,0.08,BEAR,HOLD,,NO
2026-01-20 20:32:32,AMD,231.64999389648438,0.86,0.05,BEAR,HOLD,,NO
2026-01-20 20:33:32,NVDA,178.6999969482422,0.84,0.13,BEAR,HOLD,,NO
2026-01-20 20:33:33,AMD,231.52999877929688,0.70,0.06,BEAR,HOLD,,NO
2026-01-20 20:34:33,NVDA,178.7550048828125,0.96,0.18,BEAR,HOLD,,NO
2026-01-20 20:34:33,AMD,231.61000061035156,0.80,0.08,BEAR,HOLD,,NO
2026-01-20 20:35:33,NVDA,178.72000122070312,0.88,0.23,BEAR,HOLD,,NO
2026-01-20 20:35:34,AMD,231.67999267578125,0.90,0.10,BEAR,HOLD,,NO
2026-01-20 20:36:34,NVDA,178.8350067138672,1.13,0.28,BEAR,HOLD,,NO
2026-01-20 20:36:34,AMD,232.0050048828125,1.31,0.12,BEAR,HOLD,,NO
2026-01-20 20:37:35,NVDA,178.83009338378906,1.12,0.33,BEAR,HOLD,,NO
2026-01-20 20:37:35,AMD,231.97500610351562,1.28,0.15,BEAR,HOLD,,NO
2026-01-20 20:38:35,NVDA,178.6199951171875,0.66,0.37,BEAR,HOLD,,NO
2026-01-20 20:38:36,AMD,231.80499267578125,1.06,0.18,BEAR,HOLD,,NO
2026-01-20 20:39:36,NVDA,178.6199951171875,0.66,0.42,BEAR,HOLD,,NO
2026-01-20 20:39:36,AMD,231.6699981689453,0.88,0.20,BEAR,HOLD,,NO
2026-01-20 20:40:36,NVDA,178.5749969482422,0.56,0.51,BEAR,HOLD,,NO
2026-01-20 20:40:37,AMD,231.9698944091797,1.27,0.22,BEAR,HOLD,,NO
2026-01-20 20:41:37,NVDA,178.58999633789062,0.59,0.56,BEAR,HOLD,,NO
2026-01-20 20:41:37,AMD,231.94000244140625,1.23,0.25,BEAR,HOLD,,NO
2026-01-20 20:42:38,NVDA,178.5850067138672,0.58,0.60,BEAR,HOLD,,NO
2026-01-20 20:42:38,AMD,231.8000030517578,1.05,0.26,BEAR,HOLD,,NO
2026-01-20 20:43:38,NVDA,178.52000427246094,0.43,0.66,BEAR,HOLD,,NO
2026-01-20 20:43:38,AMD,231.55999755859375,0.74,0.29,BEAR,HOLD,,NO
2026-01-20 20:44:39,NVDA,178.7642059326172,0.98,0.71,BEAR,HOLD,,NO
2026-01-20 20:44:39,AMD,231.8000030517578,1.05,0.31,BEAR,HOLD,,NO
2026-01-20 20:45:39,NVDA,178.70010375976562,0.04,0.00,BEAR,HOLD,,NO
2026-01-20 20:45:40,AMD,231.9550018310547,0.56,0.00,BEAR,HOLD,,NO
2026-01-20 20:46:40,NVDA,178.67999267578125,-0.01,0.07,BEAR,HOLD,,NO
2026-01-20 20:46:40,AMD,231.92999267578125,0.53,0.02,BEAR,HOLD,,NO
2026-01-20 20:47:41,NVDA,178.70989990234375,0.06,0.11,BEAR,HOLD,,NO
2026-01-20 20:47:41,AMD,232.30999755859375,1.02,0.05,BEAR,HOLD,,NO
2026-01-20 20:48:41,NVDA,178.7449951171875,0.15,0.21,BEAR,HOLD,,NO
2026-01-20 20:48:41,AMD,232.14599609375,0.81,0.09,BEAR,HOLD,,NO
2026-01-20 20:49:42,NVDA,178.90499877929688,0.56,0.28,BEAR,HOLD,,NO
2026-01-20 20:49:42,AMD,232.30999755859375,1.02,0.13,BEAR,HOLD,,NO
2026-01-20 20:50:42,NVDA,178.86500549316406,0.46,0.36,BEAR,HOLD,,NO
2026-01-20 20:50:43,AMD,232.2675018310547,0.97,0.15,BEAR,HOLD,,NO
2026-01-20 20:51:43,NVDA,178.79989624023438,0.29,0.45,BEAR,HOLD,,NO
2026-01-20 20:51:43,AMD,232.11000061035156,0.76,0.20,BEAR,HOLD,,NO
2026-01-20 20:52:43,NVDA,178.80999755859375,0.32,0.51,BEAR,HOLD,,NO
2026-01-20 20:52:44,AMD,232.01089477539062,0.63,0.24,BEAR,HOLD,,NO
2026-01-20 20:53:44,NVDA,178.68499755859375,-0.00,0.57,BEAR,HOLD,,NO
2026-01-20 20:53:44,AMD,231.85450744628906,0.43,0.28,BEAR,HOLD,,NO
2026-01-20 20:54:45,NVDA,178.51499938964844,-0.44,0.64,BEAR,HOLD,,NO
2026-01-20 20:54:45,AMD,231.47999572753906,-0.08,0.33,BEAR,HOLD,,NO
